Plan,name,Min,Max,cost,Annual,Send,PPS,
$0,Starter,0,100,$0,$0,unlimited,0,
$49,Basic,101,"2,500",$49,$490,unlimited,$0.0204,
$99,Pro,"2,501","5,000",$99,$990,unlimited,$0.0200,
$149,Business**,"5,001","10,000",$149,"$1,490",unlimited,$0.0100,
$199,High Volume,"10,001","15,000",$199,"$1,990","180,000",$0.0100,
$249,High Volume,"15,001","20,000",$249,"$2,490","240,000",$0.0100,
$299,High Volume,"20,001","25,000",$299,"$2,990","300,000",$0.0100,
$349,High Volume,"25,001","30,000",$349,"$3,490","360,000",$0.0100,
$399,High Volume,"30,001","35,000",$399,"$3,990","420,000",$0.0100,
$449,High Volume,"35,001","40,000",$449,"$4,490","480,000",$0.0100,
$499,High Volume,"40,001","45,000",$499,"$4,990","540,000",$0.0100,
$549,High Volume,"45,001","50,000",$549,"$5,490","600,000",$0.0100,
$599,High Volume,"50,001","55,000",$599,"$5,990","660,000",$0.0100,
$649,High Volume,"55,001","60,000",$649,"$6,490","720,000",$0.0100,
$699,High Volume,"60,001","65,000",$699,"$6,990","780,000",$0.0100,
$749,High Volume,"65,001","70,000",$749,"$7,490","840,000",$0.0100,
$799,High Volume,"70,001","75,000",$799,"$7,990","900,000",$0.0100,
$849,High Volume,"75,001","80,000",$849,"$8,490","960,000",$0.0100,
$899,High Volume,"80,001","85,000",$899,"$8,990","1,020,000",$0.0100,
$949,High Volume,"85,001","90,000",$949,"$9,490","1,080,000",$0.0100,
$999,High Volume,"90,001","95,000",$999,"$9,990","1,140,000",$0.0100,
"$1,049",High Volume,"95,001","100,000","$1,049","$10,490","1,200,000",$0.0100,
"$1,094",High Volume,"100,001","105,000","$1,094","$10,940","1,260,000",$0.0090,
"$1,139",High Volume,"105,001","110,000","$1,139","$11,390","1,320,000",$0.0090,
"$1,184",High Volume,"110,001","115,000","$1,184","$11,840","1,380,000",$0.0090,
"$1,229",High Volume,"115,001","120,000","$1,229","$12,290","1,440,000",$0.0090,
"$1,274",High Volume,"120,001","125,000","$1,274","$12,740","1,500,000",$0.0090,
"$1,319",High Volume,"125,001","130,000","$1,319","$13,190","1,560,000",$0.0090,
"$1,364",High Volume,"130,001","135,000","$1,364","$13,640","1,620,000",$0.0090,
"$1,409",High Volume,"135,001","140,000","$1,409","$14,090","1,680,000",$0.0090,
"$1,454",High Volume,"140,001","145,000","$1,454","$14,540","1,740,000",$0.0090,
"$1,499",High Volume,"145,001","150,000","$1,499","$14,990","1,800,000",$0.0090,
"$1,544",High Volume,"150,001","155,000","$1,544","$15,440","1,860,000",$0.0090,
"$1,589",High Volume,"155,001","160,000","$1,589","$15,890","1,920,000",$0.0090,
"$1,634",High Volume,"160,001","165,000","$1,634","$16,340","1,980,000",$0.0090,
"$1,679",High Volume,"165,001","170,000","$1,679","$16,790","2,040,000",$0.0090,
"$1,724",High Volume,"170,001","175,000","$1,724","$17,240","2,100,000",$0.0090,
"$1,769",High Volume,"175,001","180,000","$1,769","$17,690","2,160,000",$0.0090,
"$1,814",High Volume,"180,001","185,000","$1,814","$18,140","2,220,000",$0.0090,
"$1,859",High Volume,"185,001","190,000","$1,859","$18,590","2,280,000",$0.0090,
"$1,904",High Volume,"190,001","195,000","$1,904","$19,040","2,340,000",$0.0090,
"$1,949",High Volume,"195,001","200,000","$1,949","$19,490","2,400,000",$0.0090,
"$1,994",High Volume,"200,001","205,000","$1,994","$19,940","2,460,000",$0.0090,
"$2,039",High Volume,"205,001","210,000","$2,039","$20,390","2,520,000",$0.0090,
"$2,084",High Volume,"210,001","215,000","$2,084","$20,840","2,580,000",$0.0090,
"$2,129",High Volume,"215,001","220,000","$2,129","$21,290","2,640,000",$0.0090,
"$2,174",High Volume,"220,001","225,000","$2,174","$21,740","2,700,000",$0.0090,
"$2,219",High Volume,"225,001","230,000","$2,219","$22,190","2,760,000",$0.0090,
"$2,264",High Volume,"230,001","235,000","$2,264","$22,640","2,820,000",$0.0090,
"$2,309",High Volume,"235,001","240,000","$2,309","$23,090","2,880,000",$0.0090,
"$2,354",High Volume,"240,001","245,000","$2,354","$23,540","2,940,000",$0.0090,
"$2,399",High Volume,"245,001","250,000","$2,399","$23,990","3,000,000",$0.0090,
"$2,444",High Volume,"250,001","255,000","$2,444","$24,440","3,060,000",$0.0090,
"$2,489",High Volume,"255,001","260,000","$2,489","$24,890","3,120,000",$0.0090,
"$2,534",High Volume,"260,001","265,000","$2,534","$25,340","3,180,000",$0.0090,
"$2,579",High Volume,"265,001","270,000","$2,579","$25,790","3,240,000",$0.0090,
"$2,624",High Volume,"270,001","275,000","$2,624","$26,240","3,300,000",$0.0090,
"$2,669",High Volume,"275,001","280,000","$2,669","$26,690","3,360,000",$0.0090,
"$2,714",High Volume,"280,001","285,000","$2,714","$27,140","3,420,000",$0.0090,
"$2,759",High Volume,"285,001","290,000","$2,759","$27,590","3,480,000",$0.0090,
"$2,804",High Volume,"290,001","295,000","$2,804","$28,040","3,540,000",$0.0090,
"$2,849",High Volume,"295,001","300,000","$2,849","$28,490","3,600,000",$0.0090,
"$2,889",High Volume,"300,001","305,000","$2,889","$28,890","3,660,000",$0.0080,
"$2,929",High Volume,"305,001","310,000","$2,929","$29,290","3,720,000",$0.0080,
"$2,969",High Volume,"310,001","315,000","$2,969","$29,690","3,780,000",$0.0080,
"$3,009",High Volume,"315,001","320,000","$3,009","$30,090","3,840,000",$0.0080,
"$3,049",High Volume,"320,001","325,000","$3,049","$30,490","3,900,000",$0.0080,
"$3,089",High Volume,"325,001","330,000","$3,089","$30,890","3,960,000",$0.0080,
"$3,129",High Volume,"330,001","335,000","$3,129","$31,290","4,020,000",$0.0080,
"$3,169",High Volume,"335,001","340,000","$3,169","$31,690","4,080,000",$0.0080,
"$3,209",High Volume,"340,001","345,000","$3,209","$32,090","4,140,000",$0.0080,
"$3,249",High Volume,"345,001","350,000","$3,249","$32,490","4,200,000",$0.0080,
"$3,289",High Volume,"350,001","355,000","$3,289","$32,890","4,260,000",$0.0080,
"$3,329",High Volume,"355,001","360,000","$3,329","$33,290","4,320,000",$0.0080,
"$3,369",High Volume,"360,001","365,000","$3,369","$33,690","4,380,000",$0.0080,
"$3,409",High Volume,"365,001","370,000","$3,409","$34,090","4,440,000",$0.0080,
"$3,449",High Volume,"370,001","375,000","$3,449","$34,490","4,500,000",$0.0080,
"$3,489",High Volume,"375,001","380,000","$3,489","$34,890","4,560,000",$0.0080,
"$3,529",High Volume,"380,001","385,000","$3,529","$35,290","4,620,000",$0.0080,
"$3,569",High Volume,"385,001","390,000","$3,569","$35,690","4,680,000",$0.0080,
"$3,609",High Volume,"390,001","395,000","$3,609","$36,090","4,740,000",$0.0080,
"$3,649",High Volume,"395,001","400,000","$3,649","$36,490","4,800,000",$0.0080,
"$3,689",High Volume,"400,001","405,000","$3,689","$36,890","4,860,000",$0.0080,
"$3,729",High Volume,"405,001","410,000","$3,729","$37,290","4,920,000",$0.0080,
"$3,769",High Volume,"410,001","415,000","$3,769","$37,690","4,980,000",$0.0080,
"$3,809",High Volume,"415,001","420,000","$3,809","$38,090","5,040,000",$0.0080,
"$3,849",High Volume,"420,001","425,000","$3,849","$38,490","5,100,000",$0.0080,
"$3,889",High Volume,"425,001","430,000","$3,889","$38,890","5,160,000",$0.0080,
"$3,929",High Volume,"430,001","435,000","$3,929","$39,290","5,220,000",$0.0080,
"$3,969",High Volume,"435,001","440,000","$3,969","$39,690","5,280,000",$0.0080,
"$4,009",High Volume,"440,001","445,000","$4,009","$40,090","5,340,000",$0.0080,
"$4,049",High Volume,"445,001","450,000","$4,049","$40,490","5,400,000",$0.0080,
"$4,089",High Volume,"450,001","455,000","$4,089","$40,890","5,460,000",$0.0080,
"$4,129",High Volume,"455,001","460,000","$4,129","$41,290","5,520,000",$0.0080,
"$4,169",High Volume,"460,001","465,000","$4,169","$41,690","5,580,000",$0.0080,
"$4,209",High Volume,"465,001","470,000","$4,209","$42,090","5,640,000",$0.0080,
"$4,249",High Volume,"470,001","475,000","$4,249","$42,490","5,700,000",$0.0080,
"$4,289",High Volume,"475,001","480,000","$4,289","$42,890","5,760,000",$0.0080,
"$4,329",High Volume,"480,001","485,000","$4,329","$43,290","5,820,000",$0.0080,
"$4,369",High Volume,"485,001","490,000","$4,369","$43,690","5,880,000",$0.0080,
"$4,409",High Volume,"490,001","495,000","$4,409","$44,090","5,940,000",$0.0080,
"$4,449",High Volume,"495,001","500,000","$4,449","$44,490","6,000,000",$0.0080,
"$4,489",High Volume,"500,001","505,000","$4,489","$44,890","6,060,000",$0.0080,
"$4,529",High Volume,"505,001","510,000","$4,529","$45,290","6,120,000",$0.0080,
"$4,569",High Volume,"510,001","515,000","$4,569","$45,690","6,180,000",$0.0080,
"$4,609",High Volume,"515,001","520,000","$4,609","$46,090","6,240,000",$0.0080,
"$4,649",High Volume,"520,001","525,000","$4,649","$46,490","6,300,000",$0.0080,
"$4,689",High Volume,"525,001","530,000","$4,689","$46,890","6,360,000",$0.0080,
"$4,729",High Volume,"530,001","535,000","$4,729","$47,290","6,420,000",$0.0080,
"$4,769",High Volume,"535,001","540,000","$4,769","$47,690","6,480,000",$0.0080,
"$4,809",High Volume,"540,001","545,000","$4,809","$48,090","6,540,000",$0.0080,
"$4,849",High Volume,"545,001","550,000","$4,849","$48,490","6,600,000",$0.0080,
"$4,889",High Volume,"550,001","555,000","$4,889","$48,890","6,660,000",$0.0080,
"$4,929",High Volume,"555,001","560,000","$4,929","$49,290","6,720,000",$0.0080,
"$4,969",High Volume,"560,001","565,000","$4,969","$49,690","6,780,000",$0.0080,
"$5,009",High Volume,"565,001","570,000","$5,009","$50,090","6,840,000",$0.0080,
"$5,049",High Volume,"570,001","575,000","$5,049","$50,490","6,900,000",$0.0080,
"$5,089",High Volume,"575,001","580,000","$5,089","$50,890","6,960,000",$0.0080,
"$5,129",High Volume,"580,001","585,000","$5,129","$51,290","7,020,000",$0.0080,
"$5,169",High Volume,"585,001","590,000","$5,169","$51,690","7,080,000",$0.0080,
"$5,209",High Volume,"590,001","595,000","$5,209","$52,090","7,140,000",$0.0080,
"$5,249",High Volume,"595,001","600,000","$5,249","$52,490","7,200,000",$0.0080,
"$5,289",High Volume,"600,001","605,000","$5,289","$52,890","7,260,000",$0.0080,
"$5,329",High Volume,"605,001","610,000","$5,329","$53,290","7,320,000",$0.0080,
"$5,369",High Volume,"610,001","615,000","$5,369","$53,690","7,380,000",$0.0080,
"$5,409",High Volume,"615,001","620,000","$5,409","$54,090","7,440,000",$0.0080,
"$5,449",High Volume,"620,001","625,000","$5,449","$54,490","7,500,000",$0.0080,
"$5,489",High Volume,"625,001","630,000","$5,489","$54,890","7,560,000",$0.0080,
"$5,529",High Volume,"630,001","635,000","$5,529","$55,290","7,620,000",$0.0080,
"$5,569",High Volume,"635,001","640,000","$5,569","$55,690","7,680,000",$0.0080,
"$5,609",High Volume,"640,001","645,000","$5,609","$56,090","7,740,000",$0.0080,
"$5,649",High Volume,"645,001","650,000","$5,649","$56,490","7,800,000",$0.0080,
"$5,689",High Volume,"650,001","655,000","$5,689","$56,890","7,860,000",$0.0080,
"$5,729",High Volume,"655,001","660,000","$5,729","$57,290","7,920,000",$0.0080,
"$5,769",High Volume,"660,001","665,000","$5,769","$57,690","7,980,000",$0.0080,
"$5,809",High Volume,"665,001","670,000","$5,809","$58,090","8,040,000",$0.0080,
"$5,849",High Volume,"670,001","675,000","$5,849","$58,490","8,100,000",$0.0080,
"$5,889",High Volume,"675,001","680,000","$5,889","$58,890","8,160,000",$0.0080,
"$5,929",High Volume,"680,001","685,000","$5,929","$59,290","8,220,000",$0.0080,
"$5,969",High Volume,"685,001","690,000","$5,969","$59,690","8,280,000",$0.0080,
"$6,009",High Volume,"690,001","695,000","$6,009","$60,090","8,340,000",$0.0080,
"$6,049",High Volume,"695,001","700,000","$6,049","$60,490","8,400,000",$0.0080,
"$6,089",High Volume,"700,001","705,000","$6,089","$60,890","8,460,000",$0.0080,
"$6,129",High Volume,"705,001","710,000","$6,129","$61,290","8,520,000",$0.0080,
"$6,169",High Volume,"710,001","715,000","$6,169","$61,690","8,580,000",$0.0080,
"$6,209",High Volume,"715,001","720,000","$6,209","$62,090","8,640,000",$0.0080,
"$6,249",High Volume,"720,001","725,000","$6,249","$62,490","8,700,000",$0.0080,
"$6,289",High Volume,"725,001","730,000","$6,289","$62,890","8,760,000",$0.0080,
"$6,329",High Volume,"730,001","735,000","$6,329","$63,290","8,820,000",$0.0080,
"$6,369",High Volume,"735,001","740,000","$6,369","$63,690","8,880,000",$0.0080,
"$6,409",High Volume,"740,001","745,000","$6,409","$64,090","8,940,000",$0.0080,
"$6,449",High Volume,"745,001","750,000","$6,449","$64,490","9,000,000",$0.0080,
"$6,489",High Volume,"750,001","755,000","$6,489","$64,890","9,060,000",$0.0080,
"$6,529",High Volume,"755,001","760,000","$6,529","$65,290","9,120,000",$0.0080,
"$6,569",High Volume,"760,001","765,000","$6,569","$65,690","9,180,000",$0.0080,
"$6,609",High Volume,"765,001","770,000","$6,609","$66,090","9,240,000",$0.0080,
"$6,649",High Volume,"770,001","775,000","$6,649","$66,490","9,300,000",$0.0080,
"$6,689",High Volume,"775,001","780,000","$6,689","$66,890","9,360,000",$0.0080,
"$6,729",High Volume,"780,001","785,000","$6,729","$67,290","9,420,000",$0.0080,
"$6,769",High Volume,"785,001","790,000","$6,769","$67,690","9,480,000",$0.0080,
"$6,809",High Volume,"790,001","795,000","$6,809","$68,090","9,540,000",$0.0080,
"$6,849",High Volume,"795,001","800,000","$6,849","$68,490","9,600,000",$0.0080,
"$6,889",High Volume,"800,001","805,000","$6,889","$68,890","9,660,000",$0.0080,
"$6,929",High Volume,"805,001","810,000","$6,929","$69,290","9,720,000",$0.0080,
"$6,969",High Volume,"810,001","815,000","$6,969","$69,690","9,780,000",$0.0080,
"$7,009",High Volume,"815,001","820,000","$7,009","$70,090","9,840,000",$0.0080,
"$7,049",High Volume,"820,001","825,000","$7,049","$70,490","9,900,000",$0.0080,
"$7,089",High Volume,"825,001","830,000","$7,089","$70,890","9,960,000",$0.0080,
"$7,129",High Volume,"830,001","835,000","$7,129","$71,290","10,020,000",$0.0080,
"$7,169",High Volume,"835,001","840,000","$7,169","$71,690","10,080,000",$0.0080,
"$7,209",High Volume,"840,001","845,000","$7,209","$72,090","10,140,000",$0.0080,
"$7,249",High Volume,"845,001","850,000","$7,249","$72,490","10,200,000",$0.0080,
"$7,289",High Volume,"850,001","855,000","$7,289","$72,890","10,260,000",$0.0080,
"$7,329",High Volume,"855,001","860,000","$7,329","$73,290","10,320,000",$0.0080,
"$7,369",High Volume,"860,001","865,000","$7,369","$73,690","10,380,000",$0.0080,
"$7,409",High Volume,"865,001","870,000","$7,409","$74,090","10,440,000",$0.0080,
"$7,449",High Volume,"870,001","875,000","$7,449","$74,490","10,500,000",$0.0080,
"$7,489",High Volume,"875,001","880,000","$7,489","$74,890","10,560,000",$0.0080,
"$7,529",High Volume,"880,001","885,000","$7,529","$75,290","10,620,000",$0.0080,
"$7,569",High Volume,"885,001","890,000","$7,569","$75,690","10,680,000",$0.0080,
"$7,609",High Volume,"890,001","895,000","$7,609","$76,090","10,740,000",$0.0080,
"$7,649",High Volume,"895,001","900,000","$7,649","$76,490","10,800,000",$0.0080,
"$7,689",High Volume,"900,001","905,000","$7,689","$76,890","10,860,000",$0.0080,
"$7,729",High Volume,"905,001","910,000","$7,729","$77,290","10,920,000",$0.0080,
"$7,769",High Volume,"910,001","915,000","$7,769","$77,690","10,980,000",$0.0080,
"$7,809",High Volume,"915,001","920,000","$7,809","$78,090","11,040,000",$0.0080,
"$7,849",High Volume,"920,001","925,000","$7,849","$78,490","11,100,000",$0.0080,
"$7,889",High Volume,"925,001","930,000","$7,889","$78,890","11,160,000",$0.0080,
"$7,929",High Volume,"930,001","935,000","$7,929","$79,290","11,220,000",$0.0080,
"$7,969",High Volume,"935,001","940,000","$7,969","$79,690","11,280,000",$0.0080,
"$8,009",High Volume,"940,001","945,000","$8,009","$80,090","11,340,000",$0.0080,
"$8,049",High Volume,"945,001","950,000","$8,049","$80,490","11,400,000",$0.0080,
"$8,089",High Volume,"950,001","955,000","$8,089","$80,890","11,460,000",$0.0080,
"$8,129",High Volume,"955,001","960,000","$8,129","$81,290","11,520,000",$0.0080,
"$8,169",High Volume,"960,001","965,000","$8,169","$81,690","11,580,000",$0.0080,
"$8,209",High Volume,"965,001","970,000","$8,209","$82,090","11,640,000",$0.0080,
"$8,249",High Volume,"970,001","975,000","$8,249","$82,490","11,700,000",$0.0080,
"$8,289",High Volume,"975,001","980,000","$8,289","$82,890","11,760,000",$0.0080,
"$8,329",High Volume,"980,001","985,000","$8,329","$83,290","11,820,000",$0.0080,
"$8,369",High Volume,"985,001","990,000","$8,369","$83,690","11,880,000",$0.0080,
"$8,409",High Volume,"990,001","995,000","$8,409","$84,090","11,940,000",$0.0080,
"$8,449",High Volume,"995,001","1,000,000","$8,449","$84,490","12,000,000",$0.0080,
"$8,489",High Volume,"1,000,001","1,005,000","$8,489","$84,890","12,060,000",$0.0080,
"$8,529",High Volume,"1,005,001","1,010,000","$8,529","$85,290","12,120,000",$0.0080,
"$8,569",High Volume,"1,010,001","1,015,000","$8,569","$85,690","12,180,000",$0.0080,
"$8,609",High Volume,"1,015,001","1,020,000","$8,609","$86,090","12,240,000",$0.0080,
"$8,649",High Volume,"1,020,001","1,025,000","$8,649","$86,490","12,300,000",$0.0080,
"$8,689",High Volume,"1,025,001","1,030,000","$8,689","$86,890","12,360,000",$0.0080,
"$8,729",High Volume,"1,030,001","1,035,000","$8,729","$87,290","12,420,000",$0.0080,
"$8,769",High Volume,"1,035,001","1,040,000","$8,769","$87,690","12,480,000",$0.0080,
"$8,809",High Volume,"1,040,001","1,045,000","$8,809","$88,090","12,540,000",$0.0080,
"$8,849",High Volume,"1,045,001","1,050,000","$8,849","$88,490","12,600,000",$0.0080,
"$8,889",High Volume,"1,050,001","1,055,000","$8,889","$88,890","12,660,000",$0.0080,
"$8,929",High Volume,"1,055,001","1,060,000","$8,929","$89,290","12,720,000",$0.0080,
"$8,969",High Volume,"1,060,001","1,065,000","$8,969","$89,690","12,780,000",$0.0080,
"$9,009",High Volume,"1,065,001","1,070,000","$9,009","$90,090","12,840,000",$0.0080,
"$9,049",High Volume,"1,070,001","1,075,000","$9,049","$90,490","12,900,000",$0.0080,
"$9,089",High Volume,"1,075,001","1,080,000","$9,089","$90,890","12,960,000",$0.0080,
"$9,129",High Volume,"1,080,001","1,085,000","$9,129","$91,290","13,020,000",$0.0080,
"$9,169",High Volume,"1,085,001","1,090,000","$9,169","$91,690","13,080,000",$0.0080,
"$9,209",High Volume,"1,090,001","1,095,000","$9,209","$92,090","13,140,000",$0.0080,
"$9,249",High Volume,"1,095,001","1,100,000","$9,249","$92,490","13,200,000",$0.0080,
"$9,289",High Volume,"1,100,001","1,105,000","$9,289","$92,890","13,260,000",$0.0080,
"$9,329",High Volume,"1,105,001","1,110,000","$9,329","$93,290","13,320,000",$0.0080,
"$9,369",High Volume,"1,110,001","1,115,000","$9,369","$93,690","13,380,000",$0.0080,
"$9,409",High Volume,"1,115,001","1,120,000","$9,409","$94,090","13,440,000",$0.0080,
"$9,449",High Volume,"1,120,001","1,125,000","$9,449","$94,490","13,500,000",$0.0080,
"$9,489",High Volume,"1,125,001","1,130,000","$9,489","$94,890","13,560,000",$0.0080,
"$9,529",High Volume,"1,130,001","1,135,000","$9,529","$95,290","13,620,000",$0.0080,
"$9,569",High Volume,"1,135,001","1,140,000","$9,569","$95,690","13,680,000",$0.0080,
"$9,609",High Volume,"1,140,001","1,145,000","$9,609","$96,090","13,740,000",$0.0080,
"$9,649",High Volume,"1,145,001","1,150,000","$9,649","$96,490","13,800,000",$0.0080,
"$9,689",High Volume,"1,150,001","1,155,000","$9,689","$96,890","13,860,000",$0.0080,
"$9,729",High Volume,"1,155,001","1,160,000","$9,729","$97,290","13,920,000",$0.0080,
"$9,769",High Volume,"1,160,001","1,165,000","$9,769","$97,690","13,980,000",$0.0080,
"$9,809",High Volume,"1,165,001","1,170,000","$9,809","$98,090","14,040,000",$0.0080,
"$9,849",High Volume,"1,170,001","1,175,000","$9,849","$98,490","14,100,000",$0.0080,
"$9,889",High Volume,"1,175,001","1,180,000","$9,889","$98,890","14,160,000",$0.0080,
"$9,929",High Volume,"1,180,001","1,185,000","$9,929","$99,290","14,220,000",$0.0080,
"$9,969",High Volume,"1,185,001","1,190,000","$9,969","$99,690","14,280,000",$0.0080,
"$10,009",High Volume,"1,190,001","1,195,000","$10,009","$100,090","14,340,000",$0.0080,
"$10,049",High Volume,"1,195,001","1,200,000","$10,049","$100,490","14,400,000",$0.0080,
"$10,089",High Volume,"1,200,001","1,205,000","$10,089","$100,890","14,460,000",$0.0080,
"$10,129",High Volume,"1,205,001","1,210,000","$10,129","$101,290","14,520,000",$0.0080,
"$10,169",High Volume,"1,210,001","1,215,000","$10,169","$101,690","14,580,000",$0.0080,
"$10,209",High Volume,"1,215,001","1,220,000","$10,209","$102,090","14,640,000",$0.0080,
"$10,249",High Volume,"1,220,001","1,225,000","$10,249","$102,490","14,700,000",$0.0080,
"$10,289",High Volume,"1,225,001","1,230,000","$10,289","$102,890","14,760,000",$0.0080,
"$10,329",High Volume,"1,230,001","1,235,000","$10,329","$103,290","14,820,000",$0.0080,
"$10,369",High Volume,"1,235,001","1,240,000","$10,369","$103,690","14,880,000",$0.0080,
"$10,409",High Volume,"1,240,001","1,245,000","$10,409","$104,090","14,940,000",$0.0080,
"$10,449",High Volume,"1,245,001","1,250,000","$10,449","$104,490","15,000,000",$0.0080,
"$10,489",High Volume,"1,250,001","1,255,000","$10,489","$104,890","15,060,000",$0.0080,
"$10,529",High Volume,"1,255,001","1,260,000","$10,529","$105,290","15,120,000",$0.0080,
"$10,569",High Volume,"1,260,001","1,265,000","$10,569","$105,690","15,180,000",$0.0080,
"$10,609",High Volume,"1,265,001","1,270,000","$10,609","$106,090","15,240,000",$0.0080,
"$10,649",High Volume,"1,270,001","1,275,000","$10,649","$106,490","15,300,000",$0.0080,
"$10,689",High Volume,"1,275,001","1,280,000","$10,689","$106,890","15,360,000",$0.0080,
"$10,729",High Volume,"1,280,001","1,285,000","$10,729","$107,290","15,420,000",$0.0080,
"$10,769",High Volume,"1,285,001","1,290,000","$10,769","$107,690","15,480,000",$0.0080,
"$10,809",High Volume,"1,290,001","1,295,000","$10,809","$108,090","15,540,000",$0.0080,
"$10,849",High Volume,"1,295,001","1,300,000","$10,849","$108,490","15,600,000",$0.0080,
"$10,889",High Volume,"1,300,001","1,305,000","$10,889","$108,890","15,660,000",$0.0080,
"$10,929",High Volume,"1,305,001","1,310,000","$10,929","$109,290","15,720,000",$0.0080,
"$10,969",High Volume,"1,310,001","1,315,000","$10,969","$109,690","15,780,000",$0.0080,
"$11,009",High Volume,"1,315,001","1,320,000","$11,009","$110,090","15,840,000",$0.0080,
"$11,049",High Volume,"1,320,001","1,325,000","$11,049","$110,490","15,900,000",$0.0080,
"$11,089",High Volume,"1,325,001","1,330,000","$11,089","$110,890","15,960,000",$0.0080,
"$11,129",High Volume,"1,330,001","1,335,000","$11,129","$111,290","16,020,000",$0.0080,
"$11,169",High Volume,"1,335,001","1,340,000","$11,169","$111,690","16,080,000",$0.0080,
"$11,209",High Volume,"1,340,001","1,345,000","$11,209","$112,090","16,140,000",$0.0080,
"$11,249",High Volume,"1,345,001","1,350,000","$11,249","$112,490","16,200,000",$0.0080,
"$11,289",High Volume,"1,350,001","1,355,000","$11,289","$112,890","16,260,000",$0.0080,
"$11,329",High Volume,"1,355,001","1,360,000","$11,329","$113,290","16,320,000",$0.0080,
"$11,369",High Volume,"1,360,001","1,365,000","$11,369","$113,690","16,380,000",$0.0080,
"$11,409",High Volume,"1,365,001","1,370,000","$11,409","$114,090","16,440,000",$0.0080,
"$11,449",High Volume,"1,370,001","1,375,000","$11,449","$114,490","16,500,000",$0.0080,
"$11,489",High Volume,"1,375,001","1,380,000","$11,489","$114,890","16,560,000",$0.0080,
"$11,529",High Volume,"1,380,001","1,385,000","$11,529","$115,290","16,620,000",$0.0080,
"$11,569",High Volume,"1,385,001","1,390,000","$11,569","$115,690","16,680,000",$0.0080,
"$11,609",High Volume,"1,390,001","1,395,000","$11,609","$116,090","16,740,000",$0.0080,
"$11,649",High Volume,"1,395,001","1,400,000","$11,649","$116,490","16,800,000",$0.0080,
"$11,689",High Volume,"1,400,001","1,405,000","$11,689","$116,890","16,860,000",$0.0080,
"$11,729",High Volume,"1,405,001","1,410,000","$11,729","$117,290","16,920,000",$0.0080,
"$11,769",High Volume,"1,410,001","1,415,000","$11,769","$117,690","16,980,000",$0.0080,
"$11,809",High Volume,"1,415,001","1,420,000","$11,809","$118,090","17,040,000",$0.0080,
"$11,849",High Volume,"1,420,001","1,425,000","$11,849","$118,490","17,100,000",$0.0080,
"$11,889",High Volume,"1,425,001","1,430,000","$11,889","$118,890","17,160,000",$0.0080,
"$11,929",High Volume,"1,430,001","1,435,000","$11,929","$119,290","17,220,000",$0.0080,
"$11,969",High Volume,"1,435,001","1,440,000","$11,969","$119,690","17,280,000",$0.0080,
"$12,009",High Volume,"1,440,001","1,445,000","$12,009","$120,090","17,340,000",$0.0080,
"$12,049",High Volume,"1,445,001","1,450,000","$12,049","$120,490","17,400,000",$0.0080,
"$12,089",High Volume,"1,450,001","1,455,000","$12,089","$120,890","17,460,000",$0.0080,
"$12,129",High Volume,"1,455,001","1,460,000","$12,129","$121,290","17,520,000",$0.0080,
"$12,169",High Volume,"1,460,001","1,465,000","$12,169","$121,690","17,580,000",$0.0080,
"$12,209",High Volume,"1,465,001","1,470,000","$12,209","$122,090","17,640,000",$0.0080,
"$12,249",High Volume,"1,470,001","1,475,000","$12,249","$122,490","17,700,000",$0.0080,
"$12,289",High Volume,"1,475,001","1,480,000","$12,289","$122,890","17,760,000",$0.0080,
"$12,329",High Volume,"1,480,001","1,485,000","$12,329","$123,290","17,820,000",$0.0080,
"$12,369",High Volume,"1,485,001","1,490,000","$12,369","$123,690","17,880,000",$0.0080,
"$12,409",High Volume,"1,490,001","1,495,000","$12,409","$124,090","17,940,000",$0.0080,
"$12,449",High Volume,"1,495,001","1,500,000","$12,449","$124,490","18,000,000",$0.0080,
"$12,489",High Volume,"1,500,001","1,505,000","$12,489","$124,890","18,060,000",$0.0080,
"$12,529",High Volume,"1,505,001","1,510,000","$12,529","$125,290","18,120,000",$0.0080,
"$12,569",High Volume,"1,510,001","1,515,000","$12,569","$125,690","18,180,000",$0.0080,
"$12,609",High Volume,"1,515,001","1,520,000","$12,609","$126,090","18,240,000",$0.0080,
"$12,649",High Volume,"1,520,001","1,525,000","$12,649","$126,490","18,300,000",$0.0080,
"$12,689",High Volume,"1,525,001","1,530,000","$12,689","$126,890","18,360,000",$0.0080,
"$12,729",High Volume,"1,530,001","1,535,000","$12,729","$127,290","18,420,000",$0.0080,
"$12,769",High Volume,"1,535,001","1,540,000","$12,769","$127,690","18,480,000",$0.0080,
"$12,809",High Volume,"1,540,001","1,545,000","$12,809","$128,090","18,540,000",$0.0080,
"$12,849",High Volume,"1,545,001","1,550,000","$12,849","$128,490","18,600,000",$0.0080,
"$12,889",High Volume,"1,550,001","1,555,000","$12,889","$128,890","18,660,000",$0.0080,
"$12,929",High Volume,"1,555,001","1,560,000","$12,929","$129,290","18,720,000",$0.0080,
"$12,969",High Volume,"1,560,001","1,565,000","$12,969","$129,690","18,780,000",$0.0080,
"$13,009",High Volume,"1,565,001","1,570,000","$13,009","$130,090","18,840,000",$0.0080,
"$13,049",High Volume,"1,570,001","1,575,000","$13,049","$130,490","18,900,000",$0.0080,
"$13,089",High Volume,"1,575,001","1,580,000","$13,089","$130,890","18,960,000",$0.0080,
"$13,129",High Volume,"1,580,001","1,585,000","$13,129","$131,290","19,020,000",$0.0080,
"$13,169",High Volume,"1,585,001","1,590,000","$13,169","$131,690","19,080,000",$0.0080,
"$13,209",High Volume,"1,590,001","1,595,000","$13,209","$132,090","19,140,000",$0.0080,
"$13,249",High Volume,"1,595,001","1,600,000","$13,249","$132,490","19,200,000",$0.0080,
"$13,289",High Volume,"1,600,001","1,605,000","$13,289","$132,890","19,260,000",$0.0080,
"$13,329",High Volume,"1,605,001","1,610,000","$13,329","$133,290","19,320,000",$0.0080,
"$13,369",High Volume,"1,610,001","1,615,000","$13,369","$133,690","19,380,000",$0.0080,
"$13,409",High Volume,"1,615,001","1,620,000","$13,409","$134,090","19,440,000",$0.0080,
"$13,449",High Volume,"1,620,001","1,625,000","$13,449","$134,490","19,500,000",$0.0080,
"$13,489",High Volume,"1,625,001","1,630,000","$13,489","$134,890","19,560,000",$0.0080,
"$13,529",High Volume,"1,630,001","1,635,000","$13,529","$135,290","19,620,000",$0.0080,
"$13,569",High Volume,"1,635,001","1,640,000","$13,569","$135,690","19,680,000",$0.0080,
"$13,609",High Volume,"1,640,001","1,645,000","$13,609","$136,090","19,740,000",$0.0080,
"$13,649",High Volume,"1,645,001","1,650,000","$13,649","$136,490","19,800,000",$0.0080,
"$13,689",High Volume,"1,650,001","1,655,000","$13,689","$136,890","19,860,000",$0.0080,
"$13,729",High Volume,"1,655,001","1,660,000","$13,729","$137,290","19,920,000",$0.0080,
"$13,769",High Volume,"1,660,001","1,665,000","$13,769","$137,690","19,980,000",$0.0080,
"$13,809",High Volume,"1,665,001","1,670,000","$13,809","$138,090","20,040,000",$0.0080,
"$13,849",High Volume,"1,670,001","1,675,000","$13,849","$138,490","20,100,000",$0.0080,
"$13,889",High Volume,"1,675,001","1,680,000","$13,889","$138,890","20,160,000",$0.0080,
"$13,929",High Volume,"1,680,001","1,685,000","$13,929","$139,290","20,220,000",$0.0080,
"$13,969",High Volume,"1,685,001","1,690,000","$13,969","$139,690","20,280,000",$0.0080,
"$14,009",High Volume,"1,690,001","1,695,000","$14,009","$140,090","20,340,000",$0.0080,
"$14,049",High Volume,"1,695,001","1,700,000","$14,049","$140,490","20,400,000",$0.0080,
"$14,089",High Volume,"1,700,001","1,705,000","$14,089","$140,890","20,460,000",$0.0080,
"$14,129",High Volume,"1,705,001","1,710,000","$14,129","$141,290","20,520,000",$0.0080,
"$14,169",High Volume,"1,710,001","1,715,000","$14,169","$141,690","20,580,000",$0.0080,
"$14,209",High Volume,"1,715,001","1,720,000","$14,209","$142,090","20,640,000",$0.0080,
"$14,249",High Volume,"1,720,001","1,725,000","$14,249","$142,490","20,700,000",$0.0080,
"$14,289",High Volume,"1,725,001","1,730,000","$14,289","$142,890","20,760,000",$0.0080,
"$14,329",High Volume,"1,730,001","1,735,000","$14,329","$143,290","20,820,000",$0.0080,
"$14,369",High Volume,"1,735,001","1,740,000","$14,369","$143,690","20,880,000",$0.0080,
"$14,409",High Volume,"1,740,001","1,745,000","$14,409","$144,090","20,940,000",$0.0080,
"$14,449",High Volume,"1,745,001","1,750,000","$14,449","$144,490","21,000,000",$0.0080,
"$14,489",High Volume,"1,750,001","1,755,000","$14,489","$144,890","21,060,000",$0.0080,
"$14,529",High Volume,"1,755,001","1,760,000","$14,529","$145,290","21,120,000",$0.0080,
"$14,569",High Volume,"1,760,001","1,765,000","$14,569","$145,690","21,180,000",$0.0080,
"$14,609",High Volume,"1,765,001","1,770,000","$14,609","$146,090","21,240,000",$0.0080,
"$14,649",High Volume,"1,770,001","1,775,000","$14,649","$146,490","21,300,000",$0.0080,
"$14,689",High Volume,"1,775,001","1,780,000","$14,689","$146,890","21,360,000",$0.0080,
"$14,729",High Volume,"1,780,001","1,785,000","$14,729","$147,290","21,420,000",$0.0080,
"$14,769",High Volume,"1,785,001","1,790,000","$14,769","$147,690","21,480,000",$0.0080,
"$14,809",High Volume,"1,790,001","1,795,000","$14,809","$148,090","21,540,000",$0.0080,
"$14,849",High Volume,"1,795,001","1,800,000","$14,849","$148,490","21,600,000",$0.0080,
"$14,889",High Volume,"1,800,001","1,805,000","$14,889","$148,890","21,660,000",$0.0080,
"$14,929",High Volume,"1,805,001","1,810,000","$14,929","$149,290","21,720,000",$0.0080,
"$14,969",High Volume,"1,810,001","1,815,000","$14,969","$149,690","21,780,000",$0.0080,
"$15,009",High Volume,"1,815,001","1,820,000","$15,009","$150,090","21,840,000",$0.0080,
"$15,049",High Volume,"1,820,001","1,825,000","$15,049","$150,490","21,900,000",$0.0080,
"$15,089",High Volume,"1,825,001","1,830,000","$15,089","$150,890","21,960,000",$0.0080,
"$15,129",High Volume,"1,830,001","1,835,000","$15,129","$151,290","22,020,000",$0.0080,
"$15,169",High Volume,"1,835,001","1,840,000","$15,169","$151,690","22,080,000",$0.0080,
"$15,209",High Volume,"1,840,001","1,845,000","$15,209","$152,090","22,140,000",$0.0080,
"$15,249",High Volume,"1,845,001","1,850,000","$15,249","$152,490","22,200,000",$0.0080,
"$15,289",High Volume,"1,850,001","1,855,000","$15,289","$152,890","22,260,000",$0.0080,
"$15,329",High Volume,"1,855,001","1,860,000","$15,329","$153,290","22,320,000",$0.0080,
"$15,369",High Volume,"1,860,001","1,865,000","$15,369","$153,690","22,380,000",$0.0080,
"$15,409",High Volume,"1,865,001","1,870,000","$15,409","$154,090","22,440,000",$0.0080,
"$15,449",High Volume,"1,870,001","1,875,000","$15,449","$154,490","22,500,000",$0.0080,
"$15,489",High Volume,"1,875,001","1,880,000","$15,489","$154,890","22,560,000",$0.0080,
"$15,529",High Volume,"1,880,001","1,885,000","$15,529","$155,290","22,620,000",$0.0080,
"$15,569",High Volume,"1,885,001","1,890,000","$15,569","$155,690","22,680,000",$0.0080,
"$15,609",High Volume,"1,890,001","1,895,000","$15,609","$156,090","22,740,000",$0.0080,
"$15,649",High Volume,"1,895,001","1,900,000","$15,649","$156,490","22,800,000",$0.0080,
"$15,689",High Volume,"1,900,001","1,905,000","$15,689","$156,890","22,860,000",$0.0080,
"$15,729",High Volume,"1,905,001","1,910,000","$15,729","$157,290","22,920,000",$0.0080,
"$15,769",High Volume,"1,910,001","1,915,000","$15,769","$157,690","22,980,000",$0.0080,
"$15,809",High Volume,"1,915,001","1,920,000","$15,809","$158,090","23,040,000",$0.0080,
"$15,849",High Volume,"1,920,001","1,925,000","$15,849","$158,490","23,100,000",$0.0080,
"$15,889",High Volume,"1,925,001","1,930,000","$15,889","$158,890","23,160,000",$0.0080,
"$15,929",High Volume,"1,930,001","1,935,000","$15,929","$159,290","23,220,000",$0.0080,
"$15,969",High Volume,"1,935,001","1,940,000","$15,969","$159,690","23,280,000",$0.0080,
"$16,009",High Volume,"1,940,001","1,945,000","$16,009","$160,090","23,340,000",$0.0080,
"$16,049",High Volume,"1,945,001","1,950,000","$16,049","$160,490","23,400,000",$0.0080,
"$16,089",High Volume,"1,950,001","1,955,000","$16,089","$160,890","23,460,000",$0.0080,
"$16,129",High Volume,"1,955,001","1,960,000","$16,129","$161,290","23,520,000",$0.0080,
"$16,169",High Volume,"1,960,001","1,965,000","$16,169","$161,690","23,580,000",$0.0080,
"$16,209",High Volume,"1,965,001","1,970,000","$16,209","$162,090","23,640,000",$0.0080,
"$16,249",High Volume,"1,970,001","1,975,000","$16,249","$162,490","23,700,000",$0.0080,
"$16,289",High Volume,"1,975,001","1,980,000","$16,289","$162,890","23,760,000",$0.0080,
"$16,329",High Volume,"1,980,001","1,985,000","$16,329","$163,290","23,820,000",$0.0080,
"$16,369",High Volume,"1,985,001","1,990,000","$16,369","$163,690","23,880,000",$0.0080,
"$16,409",High Volume,"1,990,001","1,995,000","$16,409","$164,090","23,940,000",$0.0080,
"$16,449",High Volume,"1,995,001","2,000,000","$16,449","$164,490","24,000,000",$0.0080,
"$16,489",High Volume,"2,000,001","2,005,000","$16,489","$164,890","24,060,000",$0.0080,
"$16,529",High Volume,"2,005,001","2,010,000","$16,529","$165,290","24,120,000",$0.0080,
"$16,569",High Volume,"2,010,001","2,015,000","$16,569","$165,690","24,180,000",$0.0080,
"$16,609",High Volume,"2,015,001","2,020,000","$16,609","$166,090","24,240,000",$0.0080,
"$16,649",High Volume,"2,020,001","2,025,000","$16,649","$166,490","24,300,000",$0.0080,
"$16,689",High Volume,"2,025,001","2,030,000","$16,689","$166,890","24,360,000",$0.0080,
"$16,729",High Volume,"2,030,001","2,035,000","$16,729","$167,290","24,420,000",$0.0080,
"$16,769",High Volume,"2,035,001","2,040,000","$16,769","$167,690","24,480,000",$0.0080,
"$16,809",High Volume,"2,040,001","2,045,000","$16,809","$168,090","24,540,000",$0.0080,
"$16,849",High Volume,"2,045,001","2,050,000","$16,849","$168,490","24,600,000",$0.0080,
"$16,889",High Volume,"2,050,001","2,055,000","$16,889","$168,890","24,660,000",$0.0080,
"$16,929",High Volume,"2,055,001","2,060,000","$16,929","$169,290","24,720,000",$0.0080,
"$16,969",High Volume,"2,060,001","2,065,000","$16,969","$169,690","24,780,000",$0.0080,
"$17,009",High Volume,"2,065,001","2,070,000","$17,009","$170,090","24,840,000",$0.0080,
"$17,049",High Volume,"2,070,001","2,075,000","$17,049","$170,490","24,900,000",$0.0080,
"$17,089",High Volume,"2,075,001","2,080,000","$17,089","$170,890","24,960,000",$0.0080,
"$17,129",High Volume,"2,080,001","2,085,000","$17,129","$171,290","25,020,000",$0.0080,
"$17,169",High Volume,"2,085,001","2,090,000","$17,169","$171,690","25,080,000",$0.0080,
"$17,209",High Volume,"2,090,001","2,095,000","$17,209","$172,090","25,140,000",$0.0080,
"$17,249",High Volume,"2,095,001","2,100,000","$17,249","$172,490","25,200,000",$0.0080,
"$17,289",High Volume,"2,100,001","2,105,000","$17,289","$172,890","25,260,000",$0.0080,
"$17,329",High Volume,"2,105,001","2,110,000","$17,329","$173,290","25,320,000",$0.0080,
"$17,369",High Volume,"2,110,001","2,115,000","$17,369","$173,690","25,380,000",$0.0080,
"$17,409",High Volume,"2,115,001","2,120,000","$17,409","$174,090","25,440,000",$0.0080,
"$17,449",High Volume,"2,120,001","2,125,000","$17,449","$174,490","25,500,000",$0.0080,
"$17,489",High Volume,"2,125,001","2,130,000","$17,489","$174,890","25,560,000",$0.0080,
"$17,529",High Volume,"2,130,001","2,135,000","$17,529","$175,290","25,620,000",$0.0080,
"$17,569",High Volume,"2,135,001","2,140,000","$17,569","$175,690","25,680,000",$0.0080,
"$17,609",High Volume,"2,140,001","2,145,000","$17,609","$176,090","25,740,000",$0.0080,
"$17,649",High Volume,"2,145,001","2,150,000","$17,649","$176,490","25,800,000",$0.0080,
"$17,689",High Volume,"2,150,001","2,155,000","$17,689","$176,890","25,860,000",$0.0080,
"$17,729",High Volume,"2,155,001","2,160,000","$17,729","$177,290","25,920,000",$0.0080,
"$17,769",High Volume,"2,160,001","2,165,000","$17,769","$177,690","25,980,000",$0.0080,
"$17,809",High Volume,"2,165,001","2,170,000","$17,809","$178,090","26,040,000",$0.0080,
"$17,849",High Volume,"2,170,001","2,175,000","$17,849","$178,490","26,100,000",$0.0080,
"$17,889",High Volume,"2,175,001","2,180,000","$17,889","$178,890","26,160,000",$0.0080,
"$17,929",High Volume,"2,180,001","2,185,000","$17,929","$179,290","26,220,000",$0.0080,
"$17,969",High Volume,"2,185,001","2,190,000","$17,969","$179,690","26,280,000",$0.0080,
"$18,009",High Volume,"2,190,001","2,195,000","$18,009","$180,090","26,340,000",$0.0080,
"$18,049",High Volume,"2,195,001","2,200,000","$18,049","$180,490","26,400,000",$0.0080,
"$18,089",High Volume,"2,200,001","2,205,000","$18,089","$180,890","26,460,000",$0.0080,
"$18,129",High Volume,"2,205,001","2,210,000","$18,129","$181,290","26,520,000",$0.0080,
"$18,169",High Volume,"2,210,001","2,215,000","$18,169","$181,690","26,580,000",$0.0080,
"$18,209",High Volume,"2,215,001","2,220,000","$18,209","$182,090","26,640,000",$0.0080,
"$18,249",High Volume,"2,220,001","2,225,000","$18,249","$182,490","26,700,000",$0.0080,
"$18,289",High Volume,"2,225,001","2,230,000","$18,289","$182,890","26,760,000",$0.0080,
"$18,329",High Volume,"2,230,001","2,235,000","$18,329","$183,290","26,820,000",$0.0080,
"$18,369",High Volume,"2,235,001","2,240,000","$18,369","$183,690","26,880,000",$0.0080,
"$18,409",High Volume,"2,240,001","2,245,000","$18,409","$184,090","26,940,000",$0.0080,
"$18,449",High Volume,"2,245,001","2,250,000","$18,449","$184,490","27,000,000",$0.0080,
"$18,489",High Volume,"2,250,001","2,255,000","$18,489","$184,890","27,060,000",$0.0080,
"$18,529",High Volume,"2,255,001","2,260,000","$18,529","$185,290","27,120,000",$0.0080,
"$18,569",High Volume,"2,260,001","2,265,000","$18,569","$185,690","27,180,000",$0.0080,
"$18,609",High Volume,"2,265,001","2,270,000","$18,609","$186,090","27,240,000",$0.0080,
"$18,649",High Volume,"2,270,001","2,275,000","$18,649","$186,490","27,300,000",$0.0080,
"$18,689",High Volume,"2,275,001","2,280,000","$18,689","$186,890","27,360,000",$0.0080,
"$18,729",High Volume,"2,280,001","2,285,000","$18,729","$187,290","27,420,000",$0.0080,
"$18,769",High Volume,"2,285,001","2,290,000","$18,769","$187,690","27,480,000",$0.0080,
"$18,809",High Volume,"2,290,001","2,295,000","$18,809","$188,090","27,540,000",$0.0080,
"$18,849",High Volume,"2,295,001","2,300,000","$18,849","$188,490","27,600,000",$0.0080,
"$18,889",High Volume,"2,300,001","2,305,000","$18,889","$188,890","27,660,000",$0.0080,
"$18,929",High Volume,"2,305,001","2,310,000","$18,929","$189,290","27,720,000",$0.0080,
"$18,969",High Volume,"2,310,001","2,315,000","$18,969","$189,690","27,780,000",$0.0080,
"$19,009",High Volume,"2,315,001","2,320,000","$19,009","$190,090","27,840,000",$0.0080,
"$19,049",High Volume,"2,320,001","2,325,000","$19,049","$190,490","27,900,000",$0.0080,
"$19,089",High Volume,"2,325,001","2,330,000","$19,089","$190,890","27,960,000",$0.0080,
"$19,129",High Volume,"2,330,001","2,335,000","$19,129","$191,290","28,020,000",$0.0080,
"$19,169",High Volume,"2,335,001","2,340,000","$19,169","$191,690","28,080,000",$0.0080,
"$19,209",High Volume,"2,340,001","2,345,000","$19,209","$192,090","28,140,000",$0.0080,
"$19,249",High Volume,"2,345,001","2,350,000","$19,249","$192,490","28,200,000",$0.0080,
"$19,289",High Volume,"2,350,001","2,355,000","$19,289","$192,890","28,260,000",$0.0080,
"$19,329",High Volume,"2,355,001","2,360,000","$19,329","$193,290","28,320,000",$0.0080,
"$19,369",High Volume,"2,360,001","2,365,000","$19,369","$193,690","28,380,000",$0.0080,
"$19,409",High Volume,"2,365,001","2,370,000","$19,409","$194,090","28,440,000",$0.0080,
"$19,449",High Volume,"2,370,001","2,375,000","$19,449","$194,490","28,500,000",$0.0080,
"$19,489",High Volume,"2,375,001","2,380,000","$19,489","$194,890","28,560,000",$0.0080,
"$19,529",High Volume,"2,380,001","2,385,000","$19,529","$195,290","28,620,000",$0.0080,
"$19,569",High Volume,"2,385,001","2,390,000","$19,569","$195,690","28,680,000",$0.0080,
"$19,609",High Volume,"2,390,001","2,395,000","$19,609","$196,090","28,740,000",$0.0080,
"$19,649",High Volume,"2,395,001","2,400,000","$19,649","$196,490","28,800,000",$0.0080,
"$19,689",High Volume,"2,400,001","2,405,000","$19,689","$196,890","28,860,000",$0.0080,
"$19,729",High Volume,"2,405,001","2,410,000","$19,729","$197,290","28,920,000",$0.0080,
"$19,769",High Volume,"2,410,001","2,415,000","$19,769","$197,690","28,980,000",$0.0080,
"$19,809",High Volume,"2,415,001","2,420,000","$19,809","$198,090","29,040,000",$0.0080,
"$19,849",High Volume,"2,420,001","2,425,000","$19,849","$198,490","29,100,000",$0.0080,
"$19,889",High Volume,"2,425,001","2,430,000","$19,889","$198,890","29,160,000",$0.0080,
"$19,929",High Volume,"2,430,001","2,435,000","$19,929","$199,290","29,220,000",$0.0080,
"$19,969",High Volume,"2,435,001","2,440,000","$19,969","$199,690","29,280,000",$0.0080,
"$20,009",High Volume,"2,440,001","2,445,000","$20,009","$200,090","29,340,000",$0.0080,
"$20,049",High Volume,"2,445,001","2,450,000","$20,049","$200,490","29,400,000",$0.0080,
"$20,089",High Volume,"2,450,001","2,455,000","$20,089","$200,890","29,460,000",$0.0080,
"$20,129",High Volume,"2,455,001","2,460,000","$20,129","$201,290","29,520,000",$0.0080,
"$20,169",High Volume,"2,460,001","2,465,000","$20,169","$201,690","29,580,000",$0.0080,
"$20,209",High Volume,"2,465,001","2,470,000","$20,209","$202,090","29,640,000",$0.0080,
"$20,249",High Volume,"2,470,001","2,475,000","$20,249","$202,490","29,700,000",$0.0080,
"$20,289",High Volume,"2,475,001","2,480,000","$20,289","$202,890","29,760,000",$0.0080,
"$20,329",High Volume,"2,480,001","2,485,000","$20,329","$203,290","29,820,000",$0.0080,
"$20,369",High Volume,"2,485,001","2,490,000","$20,369","$203,690","29,880,000",$0.0080,
"$20,409",High Volume,"2,490,001","2,495,000","$20,409","$204,090","29,940,000",$0.0080,
"$20,449",High Volume,"2,495,001","2,500,000","$20,449","$204,490","30,000,000",$0.0080,
"$20,489",High Volume,"2,500,001","2,505,000","$20,489","$204,890","30,060,000",$0.0080,
"$20,529",High Volume,"2,505,001","2,510,000","$20,529","$205,290","30,120,000",$0.0080,
"$20,569",High Volume,"2,510,001","2,515,000","$20,569","$205,690","30,180,000",$0.0080,
"$20,609",High Volume,"2,515,001","2,520,000","$20,609","$206,090","30,240,000",$0.0080,
"$20,649",High Volume,"2,520,001","2,525,000","$20,649","$206,490","30,300,000",$0.0080,
"$20,689",High Volume,"2,525,001","2,530,000","$20,689","$206,890","30,360,000",$0.0080,
"$20,729",High Volume,"2,530,001","2,535,000","$20,729","$207,290","30,420,000",$0.0080,
"$20,769",High Volume,"2,535,001","2,540,000","$20,769","$207,690","30,480,000",$0.0080,
"$20,809",High Volume,"2,540,001","2,545,000","$20,809","$208,090","30,540,000",$0.0080,
"$20,849",High Volume,"2,545,001","2,550,000","$20,849","$208,490","30,600,000",$0.0080,
"$20,889",High Volume,"2,550,001","2,555,000","$20,889","$208,890","30,660,000",$0.0080,
"$20,929",High Volume,"2,555,001","2,560,000","$20,929","$209,290","30,720,000",$0.0080,
"$20,969",High Volume,"2,560,001","2,565,000","$20,969","$209,690","30,780,000",$0.0080,
"$21,009",High Volume,"2,565,001","2,570,000","$21,009","$210,090","30,840,000",$0.0080,
"$21,049",High Volume,"2,570,001","2,575,000","$21,049","$210,490","30,900,000",$0.0080,
"$21,089",High Volume,"2,575,001","2,580,000","$21,089","$210,890","30,960,000",$0.0080,
"$21,129",High Volume,"2,580,001","2,585,000","$21,129","$211,290","31,020,000",$0.0080,
"$21,169",High Volume,"2,585,001","2,590,000","$21,169","$211,690","31,080,000",$0.0080,
"$21,209",High Volume,"2,590,001","2,595,000","$21,209","$212,090","31,140,000",$0.0080,
"$21,249",High Volume,"2,595,001","2,600,000","$21,249","$212,490","31,200,000",$0.0080,
"$21,289",High Volume,"2,600,001","2,605,000","$21,289","$212,890","31,260,000",$0.0080,
"$21,329",High Volume,"2,605,001","2,610,000","$21,329","$213,290","31,320,000",$0.0080,
"$21,369",High Volume,"2,610,001","2,615,000","$21,369","$213,690","31,380,000",$0.0080,
"$21,409",High Volume,"2,615,001","2,620,000","$21,409","$214,090","31,440,000",$0.0080,
"$21,449",High Volume,"2,620,001","2,625,000","$21,449","$214,490","31,500,000",$0.0080,
"$21,489",High Volume,"2,625,001","2,630,000","$21,489","$214,890","31,560,000",$0.0080,
"$21,529",High Volume,"2,630,001","2,635,000","$21,529","$215,290","31,620,000",$0.0080,
"$21,569",High Volume,"2,635,001","2,640,000","$21,569","$215,690","31,680,000",$0.0080,
"$21,609",High Volume,"2,640,001","2,645,000","$21,609","$216,090","31,740,000",$0.0080,
"$21,649",High Volume,"2,645,001","2,650,000","$21,649","$216,490","31,800,000",$0.0080,
"$21,689",High Volume,"2,650,001","2,655,000","$21,689","$216,890","31,860,000",$0.0080,
"$21,729",High Volume,"2,655,001","2,660,000","$21,729","$217,290","31,920,000",$0.0080,
"$21,769",High Volume,"2,660,001","2,665,000","$21,769","$217,690","31,980,000",$0.0080,
"$21,809",High Volume,"2,665,001","2,670,000","$21,809","$218,090","32,040,000",$0.0080,
"$21,849",High Volume,"2,670,001","2,675,000","$21,849","$218,490","32,100,000",$0.0080,
"$21,889",High Volume,"2,675,001","2,680,000","$21,889","$218,890","32,160,000",$0.0080,
"$21,929",High Volume,"2,680,001","2,685,000","$21,929","$219,290","32,220,000",$0.0080,
"$21,969",High Volume,"2,685,001","2,690,000","$21,969","$219,690","32,280,000",$0.0080,
"$22,009",High Volume,"2,690,001","2,695,000","$22,009","$220,090","32,340,000",$0.0080,
"$22,049",High Volume,"2,695,001","2,700,000","$22,049","$220,490","32,400,000",$0.0080,
"$22,089",High Volume,"2,700,001","2,705,000","$22,089","$220,890","32,460,000",$0.0080,
"$22,129",High Volume,"2,705,001","2,710,000","$22,129","$221,290","32,520,000",$0.0080,
"$22,169",High Volume,"2,710,001","2,715,000","$22,169","$221,690","32,580,000",$0.0080,
"$22,209",High Volume,"2,715,001","2,720,000","$22,209","$222,090","32,640,000",$0.0080,
"$22,249",High Volume,"2,720,001","2,725,000","$22,249","$222,490","32,700,000",$0.0080,
"$22,289",High Volume,"2,725,001","2,730,000","$22,289","$222,890","32,760,000",$0.0080,
"$22,329",High Volume,"2,730,001","2,735,000","$22,329","$223,290","32,820,000",$0.0080,
"$22,369",High Volume,"2,735,001","2,740,000","$22,369","$223,690","32,880,000",$0.0080,
"$22,409",High Volume,"2,740,001","2,745,000","$22,409","$224,090","32,940,000",$0.0080,
"$22,449",High Volume,"2,745,001","2,750,000","$22,449","$224,490","33,000,000",$0.0080,
"$22,489",High Volume,"2,750,001","2,755,000","$22,489","$224,890","33,060,000",$0.0080,
"$22,529",High Volume,"2,755,001","2,760,000","$22,529","$225,290","33,120,000",$0.0080,
"$22,569",High Volume,"2,760,001","2,765,000","$22,569","$225,690","33,180,000",$0.0080,
"$22,609",High Volume,"2,765,001","2,770,000","$22,609","$226,090","33,240,000",$0.0080,
"$22,649",High Volume,"2,770,001","2,775,000","$22,649","$226,490","33,300,000",$0.0080,
"$22,689",High Volume,"2,775,001","2,780,000","$22,689","$226,890","33,360,000",$0.0080,
"$22,729",High Volume,"2,780,001","2,785,000","$22,729","$227,290","33,420,000",$0.0080,
"$22,769",High Volume,"2,785,001","2,790,000","$22,769","$227,690","33,480,000",$0.0080,
"$22,809",High Volume,"2,790,001","2,795,000","$22,809","$228,090","33,540,000",$0.0080,
"$22,849",High Volume,"2,795,001","2,800,000","$22,849","$228,490","33,600,000",$0.0080,
"$22,889",High Volume,"2,800,001","2,805,000","$22,889","$228,890","33,660,000",$0.0080,
"$22,929",High Volume,"2,805,001","2,810,000","$22,929","$229,290","33,720,000",$0.0080,
"$22,969",High Volume,"2,810,001","2,815,000","$22,969","$229,690","33,780,000",$0.0080,
"$23,009",High Volume,"2,815,001","2,820,000","$23,009","$230,090","33,840,000",$0.0080,
"$23,049",High Volume,"2,820,001","2,825,000","$23,049","$230,490","33,900,000",$0.0080,
"$23,089",High Volume,"2,825,001","2,830,000","$23,089","$230,890","33,960,000",$0.0080,
"$23,129",High Volume,"2,830,001","2,835,000","$23,129","$231,290","34,020,000",$0.0080,
"$23,169",High Volume,"2,835,001","2,840,000","$23,169","$231,690","34,080,000",$0.0080,
"$23,209",High Volume,"2,840,001","2,845,000","$23,209","$232,090","34,140,000",$0.0080,
"$23,249",High Volume,"2,845,001","2,850,000","$23,249","$232,490","34,200,000",$0.0080,
"$23,289",High Volume,"2,850,001","2,855,000","$23,289","$232,890","34,260,000",$0.0080,
"$23,329",High Volume,"2,855,001","2,860,000","$23,329","$233,290","34,320,000",$0.0080,
"$23,369",High Volume,"2,860,001","2,865,000","$23,369","$233,690","34,380,000",$0.0080,
"$23,409",High Volume,"2,865,001","2,870,000","$23,409","$234,090","34,440,000",$0.0080,
"$23,449",High Volume,"2,870,001","2,875,000","$23,449","$234,490","34,500,000",$0.0080,
"$23,489",High Volume,"2,875,001","2,880,000","$23,489","$234,890","34,560,000",$0.0080,
"$23,529",High Volume,"2,880,001","2,885,000","$23,529","$235,290","34,620,000",$0.0080,
"$23,569",High Volume,"2,885,001","2,890,000","$23,569","$235,690","34,680,000",$0.0080,
"$23,609",High Volume,"2,890,001","2,895,000","$23,609","$236,090","34,740,000",$0.0080,
"$23,649",High Volume,"2,895,001","2,900,000","$23,649","$236,490","34,800,000",$0.0080,
"$23,689",High Volume,"2,900,001","2,905,000","$23,689","$236,890","34,860,000",$0.0080,
"$23,729",High Volume,"2,905,001","2,910,000","$23,729","$237,290","34,920,000",$0.0080,
"$23,769",High Volume,"2,910,001","2,915,000","$23,769","$237,690","34,980,000",$0.0080,
"$23,809",High Volume,"2,915,001","2,920,000","$23,809","$238,090","35,040,000",$0.0080,
"$23,849",High Volume,"2,920,001","2,925,000","$23,849","$238,490","35,100,000",$0.0080,
"$23,889",High Volume,"2,925,001","2,930,000","$23,889","$238,890","35,160,000",$0.0080,
"$23,929",High Volume,"2,930,001","2,935,000","$23,929","$239,290","35,220,000",$0.0080,
"$23,969",High Volume,"2,935,001","2,940,000","$23,969","$239,690","35,280,000",$0.0080,
"$24,009",High Volume,"2,940,001","2,945,000","$24,009","$240,090","35,340,000",$0.0080,
"$24,049",High Volume,"2,945,001","2,950,000","$24,049","$240,490","35,400,000",$0.0080,
"$24,089",High Volume,"2,950,001","2,955,000","$24,089","$240,890","35,460,000",$0.0080,
"$24,129",High Volume,"2,955,001","2,960,000","$24,129","$241,290","35,520,000",$0.0080,
"$24,169",High Volume,"2,960,001","2,965,000","$24,169","$241,690","35,580,000",$0.0080,
"$24,209",High Volume,"2,965,001","2,970,000","$24,209","$242,090","35,640,000",$0.0080,
"$24,249",High Volume,"2,970,001","2,975,000","$24,249","$242,490","35,700,000",$0.0080,
"$24,289",High Volume,"2,975,001","2,980,000","$24,289","$242,890","35,760,000",$0.0080,
"$24,329",High Volume,"2,980,001","2,985,000","$24,329","$243,290","35,820,000",$0.0080,
"$24,369",High Volume,"2,985,001","2,990,000","$24,369","$243,690","35,880,000",$0.0080,
"$24,409",High Volume,"2,990,001","2,995,000","$24,409","$244,090","35,940,000",$0.0080,
"$24,449",High Volume,"2,995,001","3,000,000","$24,449","$244,490","36,000,000",$0.0080,
"$24,489",High Volume,"3,000,001","3,005,000","$24,489","$244,890","36,060,000",$0.0080,
"$24,529",High Volume,"3,005,001","3,010,000","$24,529","$245,290","36,120,000",$0.0080,
"$24,569",High Volume,"3,010,001","3,015,000","$24,569","$245,690","36,180,000",$0.0080,
"$24,609",High Volume,"3,015,001","3,020,000","$24,609","$246,090","36,240,000",$0.0080,
"$24,649",High Volume,"3,020,001","3,025,000","$24,649","$246,490","36,300,000",$0.0080,
"$24,689",High Volume,"3,025,001","3,030,000","$24,689","$246,890","36,360,000",$0.0080,
"$24,729",High Volume,"3,030,001","3,035,000","$24,729","$247,290","36,420,000",$0.0080,
"$24,769",High Volume,"3,035,001","3,040,000","$24,769","$247,690","36,480,000",$0.0080,
"$24,809",High Volume,"3,040,001","3,045,000","$24,809","$248,090","36,540,000",$0.0080,
"$24,849",High Volume,"3,045,001","3,050,000","$24,849","$248,490","36,600,000",$0.0080,
"$24,889",High Volume,"3,050,001","3,055,000","$24,889","$248,890","36,660,000",$0.0080,
"$24,929",High Volume,"3,055,001","3,060,000","$24,929","$249,290","36,720,000",$0.0080,
"$24,969",High Volume,"3,060,001","3,065,000","$24,969","$249,690","36,780,000",$0.0080,
"$25,009",High Volume,"3,065,001","3,070,000","$25,009","$250,090","36,840,000",$0.0080,
"$25,049",High Volume,"3,070,001","3,075,000","$25,049","$250,490","36,900,000",$0.0080,
"$25,089",High Volume,"3,075,001","3,080,000","$25,089","$250,890","36,960,000",$0.0080,
"$25,129",High Volume,"3,080,001","3,085,000","$25,129","$251,290","37,020,000",$0.0080,
"$25,169",High Volume,"3,085,001","3,090,000","$25,169","$251,690","37,080,000",$0.0080,
"$25,209",High Volume,"3,090,001","3,095,000","$25,209","$252,090","37,140,000",$0.0080,
"$25,249",High Volume,"3,095,001","3,100,000","$25,249","$252,490","37,200,000",$0.0080,
"$25,289",High Volume,"3,100,001","3,105,000","$25,289","$252,890","37,260,000",$0.0080,
"$25,329",High Volume,"3,105,001","3,110,000","$25,329","$253,290","37,320,000",$0.0080,
"$25,369",High Volume,"3,110,001","3,115,000","$25,369","$253,690","37,380,000",$0.0080,
"$25,409",High Volume,"3,115,001","3,120,000","$25,409","$254,090","37,440,000",$0.0080,
"$25,449",High Volume,"3,120,001","3,125,000","$25,449","$254,490","37,500,000",$0.0080,
"$25,489",High Volume,"3,125,001","3,130,000","$25,489","$254,890","37,560,000",$0.0080,
"$25,529",High Volume,"3,130,001","3,135,000","$25,529","$255,290","37,620,000",$0.0080,
"$25,569",High Volume,"3,135,001","3,140,000","$25,569","$255,690","37,680,000",$0.0080,
"$25,609",High Volume,"3,140,001","3,145,000","$25,609","$256,090","37,740,000",$0.0080,
"$25,649",High Volume,"3,145,001","3,150,000","$25,649","$256,490","37,800,000",$0.0080,
"$25,689",High Volume,"3,150,001","3,155,000","$25,689","$256,890","37,860,000",$0.0080,
"$25,729",High Volume,"3,155,001","3,160,000","$25,729","$257,290","37,920,000",$0.0080,
"$25,769",High Volume,"3,160,001","3,165,000","$25,769","$257,690","37,980,000",$0.0080,
"$25,809",High Volume,"3,165,001","3,170,000","$25,809","$258,090","38,040,000",$0.0080,
"$25,849",High Volume,"3,170,001","3,175,000","$25,849","$258,490","38,100,000",$0.0080,
"$25,889",High Volume,"3,175,001","3,180,000","$25,889","$258,890","38,160,000",$0.0080,
"$25,929",High Volume,"3,180,001","3,185,000","$25,929","$259,290","38,220,000",$0.0080,
"$25,969",High Volume,"3,185,001","3,190,000","$25,969","$259,690","38,280,000",$0.0080,
"$26,009",High Volume,"3,190,001","3,195,000","$26,009","$260,090","38,340,000",$0.0080,
"$26,049",High Volume,"3,195,001","3,200,000","$26,049","$260,490","38,400,000",$0.0080,
"$26,089",High Volume,"3,200,001","3,205,000","$26,089","$260,890","38,460,000",$0.0080,
"$26,129",High Volume,"3,205,001","3,210,000","$26,129","$261,290","38,520,000",$0.0080,
"$26,169",High Volume,"3,210,001","3,215,000","$26,169","$261,690","38,580,000",$0.0080,
"$26,209",High Volume,"3,215,001","3,220,000","$26,209","$262,090","38,640,000",$0.0080,
"$26,249",High Volume,"3,220,001","3,225,000","$26,249","$262,490","38,700,000",$0.0080,
"$26,289",High Volume,"3,225,001","3,230,000","$26,289","$262,890","38,760,000",$0.0080,
"$26,329",High Volume,"3,230,001","3,235,000","$26,329","$263,290","38,820,000",$0.0080,
"$26,369",High Volume,"3,235,001","3,240,000","$26,369","$263,690","38,880,000",$0.0080,
"$26,409",High Volume,"3,240,001","3,245,000","$26,409","$264,090","38,940,000",$0.0080,
"$26,449",High Volume,"3,245,001","3,250,000","$26,449","$264,490","39,000,000",$0.0080,
"$26,489",High Volume,"3,250,001","3,255,000","$26,489","$264,890","39,060,000",$0.0080,
"$26,529",High Volume,"3,255,001","3,260,000","$26,529","$265,290","39,120,000",$0.0080,
"$26,569",High Volume,"3,260,001","3,265,000","$26,569","$265,690","39,180,000",$0.0080,
"$26,609",High Volume,"3,265,001","3,270,000","$26,609","$266,090","39,240,000",$0.0080,
"$26,649",High Volume,"3,270,001","3,275,000","$26,649","$266,490","39,300,000",$0.0080,
"$26,689",High Volume,"3,275,001","3,280,000","$26,689","$266,890","39,360,000",$0.0080,
"$26,729",High Volume,"3,280,001","3,285,000","$26,729","$267,290","39,420,000",$0.0080,
"$26,769",High Volume,"3,285,001","3,290,000","$26,769","$267,690","39,480,000",$0.0080,
"$26,809",High Volume,"3,290,001","3,295,000","$26,809","$268,090","39,540,000",$0.0080,
"$26,849",High Volume,"3,295,001","3,300,000","$26,849","$268,490","39,600,000",$0.0080,
"$26,889",High Volume,"3,300,001","3,305,000","$26,889","$268,890","39,660,000",$0.0080,
"$26,929",High Volume,"3,305,001","3,310,000","$26,929","$269,290","39,720,000",$0.0080,
"$26,969",High Volume,"3,310,001","3,315,000","$26,969","$269,690","39,780,000",$0.0080,
"$27,009",High Volume,"3,315,001","3,320,000","$27,009","$270,090","39,840,000",$0.0080,
"$27,049",High Volume,"3,320,001","3,325,000","$27,049","$270,490","39,900,000",$0.0080,
"$27,089",High Volume,"3,325,001","3,330,000","$27,089","$270,890","39,960,000",$0.0080,
"$27,129",High Volume,"3,330,001","3,335,000","$27,129","$271,290","40,020,000",$0.0080,
"$27,169",High Volume,"3,335,001","3,340,000","$27,169","$271,690","40,080,000",$0.0080,
"$27,209",High Volume,"3,340,001","3,345,000","$27,209","$272,090","40,140,000",$0.0080,
"$27,249",High Volume,"3,345,001","3,350,000","$27,249","$272,490","40,200,000",$0.0080,
"$27,289",High Volume,"3,350,001","3,355,000","$27,289","$272,890","40,260,000",$0.0080,
"$27,329",High Volume,"3,355,001","3,360,000","$27,329","$273,290","40,320,000",$0.0080,
"$27,369",High Volume,"3,360,001","3,365,000","$27,369","$273,690","40,380,000",$0.0080,
"$27,409",High Volume,"3,365,001","3,370,000","$27,409","$274,090","40,440,000",$0.0080,
"$27,449",High Volume,"3,370,001","3,375,000","$27,449","$274,490","40,500,000",$0.0080,
"$27,489",High Volume,"3,375,001","3,380,000","$27,489","$274,890","40,560,000",$0.0080,
"$27,529",High Volume,"3,380,001","3,385,000","$27,529","$275,290","40,620,000",$0.0080,
"$27,569",High Volume,"3,385,001","3,390,000","$27,569","$275,690","40,680,000",$0.0080,
"$27,609",High Volume,"3,390,001","3,395,000","$27,609","$276,090","40,740,000",$0.0080,
"$27,649",High Volume,"3,395,001","3,400,000","$27,649","$276,490","40,800,000",$0.0080,
"$27,689",High Volume,"3,400,001","3,405,000","$27,689","$276,890","40,860,000",$0.0080,
"$27,729",High Volume,"3,405,001","3,410,000","$27,729","$277,290","40,920,000",$0.0080,
"$27,769",High Volume,"3,410,001","3,415,000","$27,769","$277,690","40,980,000",$0.0080,
"$27,809",High Volume,"3,415,001","3,420,000","$27,809","$278,090","41,040,000",$0.0080,
"$27,849",High Volume,"3,420,001","3,425,000","$27,849","$278,490","41,100,000",$0.0080,
"$27,889",High Volume,"3,425,001","3,430,000","$27,889","$278,890","41,160,000",$0.0080,
"$27,929",High Volume,"3,430,001","3,435,000","$27,929","$279,290","41,220,000",$0.0080,
"$27,969",High Volume,"3,435,001","3,440,000","$27,969","$279,690","41,280,000",$0.0080,
"$28,009",High Volume,"3,440,001","3,445,000","$28,009","$280,090","41,340,000",$0.0080,
"$28,049",High Volume,"3,445,001","3,450,000","$28,049","$280,490","41,400,000",$0.0080,
"$28,089",High Volume,"3,450,001","3,455,000","$28,089","$280,890","41,460,000",$0.0080,
"$28,129",High Volume,"3,455,001","3,460,000","$28,129","$281,290","41,520,000",$0.0080,
"$28,169",High Volume,"3,460,001","3,465,000","$28,169","$281,690","41,580,000",$0.0080,
"$28,209",High Volume,"3,465,001","3,470,000","$28,209","$282,090","41,640,000",$0.0080,
"$28,249",High Volume,"3,470,001","3,475,000","$28,249","$282,490","41,700,000",$0.0080,
"$28,289",High Volume,"3,475,001","3,480,000","$28,289","$282,890","41,760,000",$0.0080,
"$28,329",High Volume,"3,480,001","3,485,000","$28,329","$283,290","41,820,000",$0.0080,
"$28,369",High Volume,"3,485,001","3,490,000","$28,369","$283,690","41,880,000",$0.0080,
"$28,409",High Volume,"3,490,001","3,495,000","$28,409","$284,090","41,940,000",$0.0080,
"$28,449",High Volume,"3,495,001","3,500,000","$28,449","$284,490","42,000,000",$0.0080,
"$28,489",High Volume,"3,500,001","3,505,000","$28,489","$284,890","42,060,000",$0.0080,
"$28,529",High Volume,"3,505,001","3,510,000","$28,529","$285,290","42,120,000",$0.0080,
"$28,569",High Volume,"3,510,001","3,515,000","$28,569","$285,690","42,180,000",$0.0080,
"$28,609",High Volume,"3,515,001","3,520,000","$28,609","$286,090","42,240,000",$0.0080,
"$28,649",High Volume,"3,520,001","3,525,000","$28,649","$286,490","42,300,000",$0.0080,
"$28,689",High Volume,"3,525,001","3,530,000","$28,689","$286,890","42,360,000",$0.0080,
"$28,729",High Volume,"3,530,001","3,535,000","$28,729","$287,290","42,420,000",$0.0080,
"$28,769",High Volume,"3,535,001","3,540,000","$28,769","$287,690","42,480,000",$0.0080,
"$28,809",High Volume,"3,540,001","3,545,000","$28,809","$288,090","42,540,000",$0.0080,
"$28,849",High Volume,"3,545,001","3,550,000","$28,849","$288,490","42,600,000",$0.0080,
"$28,889",High Volume,"3,550,001","3,555,000","$28,889","$288,890","42,660,000",$0.0080,
"$28,929",High Volume,"3,555,001","3,560,000","$28,929","$289,290","42,720,000",$0.0080,
"$28,969",High Volume,"3,560,001","3,565,000","$28,969","$289,690","42,780,000",$0.0080,
"$29,009",High Volume,"3,565,001","3,570,000","$29,009","$290,090","42,840,000",$0.0080,
"$29,049",High Volume,"3,570,001","3,575,000","$29,049","$290,490","42,900,000",$0.0080,
"$29,089",High Volume,"3,575,001","3,580,000","$29,089","$290,890","42,960,000",$0.0080,
"$29,129",High Volume,"3,580,001","3,585,000","$29,129","$291,290","43,020,000",$0.0080,
"$29,169",High Volume,"3,585,001","3,590,000","$29,169","$291,690","43,080,000",$0.0080,
"$29,209",High Volume,"3,590,001","3,595,000","$29,209","$292,090","43,140,000",$0.0080,
"$29,249",High Volume,"3,595,001","3,600,000","$29,249","$292,490","43,200,000",$0.0080,
"$29,289",High Volume,"3,600,001","3,605,000","$29,289","$292,890","43,260,000",$0.0080,
"$29,329",High Volume,"3,605,001","3,610,000","$29,329","$293,290","43,320,000",$0.0080,
"$29,369",High Volume,"3,610,001","3,615,000","$29,369","$293,690","43,380,000",$0.0080,
"$29,409",High Volume,"3,615,001","3,620,000","$29,409","$294,090","43,440,000",$0.0080,
"$29,449",High Volume,"3,620,001","3,625,000","$29,449","$294,490","43,500,000",$0.0080,
"$29,489",High Volume,"3,625,001","3,630,000","$29,489","$294,890","43,560,000",$0.0080,
"$29,529",High Volume,"3,630,001","3,635,000","$29,529","$295,290","43,620,000",$0.0080,
"$29,569",High Volume,"3,635,001","3,640,000","$29,569","$295,690","43,680,000",$0.0080,
"$29,609",High Volume,"3,640,001","3,645,000","$29,609","$296,090","43,740,000",$0.0080,
"$29,649",High Volume,"3,645,001","3,650,000","$29,649","$296,490","43,800,000",$0.0080,
"$29,689",High Volume,"3,650,001","3,655,000","$29,689","$296,890","43,860,000",$0.0080,
"$29,729",High Volume,"3,655,001","3,660,000","$29,729","$297,290","43,920,000",$0.0080,
"$29,769",High Volume,"3,660,001","3,665,000","$29,769","$297,690","43,980,000",$0.0080,
"$29,809",High Volume,"3,665,001","3,670,000","$29,809","$298,090","44,040,000",$0.0080,
"$29,849",High Volume,"3,670,001","3,675,000","$29,849","$298,490","44,100,000",$0.0080,
"$29,889",High Volume,"3,675,001","3,680,000","$29,889","$298,890","44,160,000",$0.0080,
"$29,929",High Volume,"3,680,001","3,685,000","$29,929","$299,290","44,220,000",$0.0080,
"$29,969",High Volume,"3,685,001","3,690,000","$29,969","$299,690","44,280,000",$0.0080,
"$30,009",High Volume,"3,690,001","3,695,000","$30,009","$300,090","44,340,000",$0.0080,
"$30,049",High Volume,"3,695,001","3,700,000","$30,049","$300,490","44,400,000",$0.0080,
"$30,089",High Volume,"3,700,001","3,705,000","$30,089","$300,890","44,460,000",$0.0080,
"$30,129",High Volume,"3,705,001","3,710,000","$30,129","$301,290","44,520,000",$0.0080,
"$30,169",High Volume,"3,710,001","3,715,000","$30,169","$301,690","44,580,000",$0.0080,
"$30,209",High Volume,"3,715,001","3,720,000","$30,209","$302,090","44,640,000",$0.0080,
"$30,249",High Volume,"3,720,001","3,725,000","$30,249","$302,490","44,700,000",$0.0080,
"$30,289",High Volume,"3,725,001","3,730,000","$30,289","$302,890","44,760,000",$0.0080,
"$30,329",High Volume,"3,730,001","3,735,000","$30,329","$303,290","44,820,000",$0.0080,
"$30,369",High Volume,"3,735,001","3,740,000","$30,369","$303,690","44,880,000",$0.0080,
"$30,409",High Volume,"3,740,001","3,745,000","$30,409","$304,090","44,940,000",$0.0080,
"$30,449",High Volume,"3,745,001","3,750,000","$30,449","$304,490","45,000,000",$0.0080,
"$30,489",High Volume,"3,750,001","3,755,000","$30,489","$304,890","45,060,000",$0.0080,
"$30,529",High Volume,"3,755,001","3,760,000","$30,529","$305,290","45,120,000",$0.0080,
"$30,569",High Volume,"3,760,001","3,765,000","$30,569","$305,690","45,180,000",$0.0080,
"$30,609",High Volume,"3,765,001","3,770,000","$30,609","$306,090","45,240,000",$0.0080,
"$30,649",High Volume,"3,770,001","3,775,000","$30,649","$306,490","45,300,000",$0.0080,
"$30,689",High Volume,"3,775,001","3,780,000","$30,689","$306,890","45,360,000",$0.0080,
"$30,729",High Volume,"3,780,001","3,785,000","$30,729","$307,290","45,420,000",$0.0080,
"$30,769",High Volume,"3,785,001","3,790,000","$30,769","$307,690","45,480,000",$0.0080,
"$30,809",High Volume,"3,790,001","3,795,000","$30,809","$308,090","45,540,000",$0.0080,
"$30,849",High Volume,"3,795,001","3,800,000","$30,849","$308,490","45,600,000",$0.0080,
"$30,889",High Volume,"3,800,001","3,805,000","$30,889","$308,890","45,660,000",$0.0080,
"$30,929",High Volume,"3,805,001","3,810,000","$30,929","$309,290","45,720,000",$0.0080,
"$30,969",High Volume,"3,810,001","3,815,000","$30,969","$309,690","45,780,000",$0.0080,
"$31,009",High Volume,"3,815,001","3,820,000","$31,009","$310,090","45,840,000",$0.0080,
"$31,049",High Volume,"3,820,001","3,825,000","$31,049","$310,490","45,900,000",$0.0080,
"$31,089",High Volume,"3,825,001","3,830,000","$31,089","$310,890","45,960,000",$0.0080,
"$31,129",High Volume,"3,830,001","3,835,000","$31,129","$311,290","46,020,000",$0.0080,
"$31,169",High Volume,"3,835,001","3,840,000","$31,169","$311,690","46,080,000",$0.0080,
"$31,209",High Volume,"3,840,001","3,845,000","$31,209","$312,090","46,140,000",$0.0080,
"$31,249",High Volume,"3,845,001","3,850,000","$31,249","$312,490","46,200,000",$0.0080,
"$31,289",High Volume,"3,850,001","3,855,000","$31,289","$312,890","46,260,000",$0.0080,
"$31,329",High Volume,"3,855,001","3,860,000","$31,329","$313,290","46,320,000",$0.0080,
"$31,369",High Volume,"3,860,001","3,865,000","$31,369","$313,690","46,380,000",$0.0080,
"$31,409",High Volume,"3,865,001","3,870,000","$31,409","$314,090","46,440,000",$0.0080,
"$31,449",High Volume,"3,870,001","3,875,000","$31,449","$314,490","46,500,000",$0.0080,
"$31,489",High Volume,"3,875,001","3,880,000","$31,489","$314,890","46,560,000",$0.0080,
"$31,529",High Volume,"3,880,001","3,885,000","$31,529","$315,290","46,620,000",$0.0080,
"$31,569",High Volume,"3,885,001","3,890,000","$31,569","$315,690","46,680,000",$0.0080,
"$31,609",High Volume,"3,890,001","3,895,000","$31,609","$316,090","46,740,000",$0.0080,
"$31,649",High Volume,"3,895,001","3,900,000","$31,649","$316,490","46,800,000",$0.0080,
"$31,689",High Volume,"3,900,001","3,905,000","$31,689","$316,890","46,860,000",$0.0080,
"$31,729",High Volume,"3,905,001","3,910,000","$31,729","$317,290","46,920,000",$0.0080,
"$31,769",High Volume,"3,910,001","3,915,000","$31,769","$317,690","46,980,000",$0.0080,
"$31,809",High Volume,"3,915,001","3,920,000","$31,809","$318,090","47,040,000",$0.0080,
"$31,849",High Volume,"3,920,001","3,925,000","$31,849","$318,490","47,100,000",$0.0080,
"$31,889",High Volume,"3,925,001","3,930,000","$31,889","$318,890","47,160,000",$0.0080,
"$31,929",High Volume,"3,930,001","3,935,000","$31,929","$319,290","47,220,000",$0.0080,
"$31,969",High Volume,"3,935,001","3,940,000","$31,969","$319,690","47,280,000",$0.0080,
"$32,009",High Volume,"3,940,001","3,945,000","$32,009","$320,090","47,340,000",$0.0080,
"$32,049",High Volume,"3,945,001","3,950,000","$32,049","$320,490","47,400,000",$0.0080,
"$32,089",High Volume,"3,950,001","3,955,000","$32,089","$320,890","47,460,000",$0.0080,
"$32,129",High Volume,"3,955,001","3,960,000","$32,129","$321,290","47,520,000",$0.0080,
"$32,169",High Volume,"3,960,001","3,965,000","$32,169","$321,690","47,580,000",$0.0080,
"$32,209",High Volume,"3,965,001","3,970,000","$32,209","$322,090","47,640,000",$0.0080,
"$32,249",High Volume,"3,970,001","3,975,000","$32,249","$322,490","47,700,000",$0.0080,
"$32,289",High Volume,"3,975,001","3,980,000","$32,289","$322,890","47,760,000",$0.0080,
"$32,329",High Volume,"3,980,001","3,985,000","$32,329","$323,290","47,820,000",$0.0080,
"$32,369",High Volume,"3,985,001","3,990,000","$32,369","$323,690","47,880,000",$0.0080,
"$32,409",High Volume,"3,990,001","3,995,000","$32,409","$324,090","47,940,000",$0.0080,
"$32,449",High Volume,"3,995,001","4,000,000","$32,449","$324,490","48,000,000",$0.0080,
"$32,489",High Volume,"4,000,001","4,005,000","$32,489","$324,890","48,060,000",$0.0080,
"$32,529",High Volume,"4,005,001","4,010,000","$32,529","$325,290","48,120,000",$0.0080,
"$32,569",High Volume,"4,010,001","4,015,000","$32,569","$325,690","48,180,000",$0.0080,
"$32,609",High Volume,"4,015,001","4,020,000","$32,609","$326,090","48,240,000",$0.0080,
"$32,649",High Volume,"4,020,001","4,025,000","$32,649","$326,490","48,300,000",$0.0080,
"$32,689",High Volume,"4,025,001","4,030,000","$32,689","$326,890","48,360,000",$0.0080,
"$32,729",High Volume,"4,030,001","4,035,000","$32,729","$327,290","48,420,000",$0.0080,
"$32,769",High Volume,"4,035,001","4,040,000","$32,769","$327,690","48,480,000",$0.0080,
"$32,809",High Volume,"4,040,001","4,045,000","$32,809","$328,090","48,540,000",$0.0080,
"$32,849",High Volume,"4,045,001","4,050,000","$32,849","$328,490","48,600,000",$0.0080,
"$32,889",High Volume,"4,050,001","4,055,000","$32,889","$328,890","48,660,000",$0.0080,
"$32,929",High Volume,"4,055,001","4,060,000","$32,929","$329,290","48,720,000",$0.0080,
"$32,969",High Volume,"4,060,001","4,065,000","$32,969","$329,690","48,780,000",$0.0080,
"$33,009",High Volume,"4,065,001","4,070,000","$33,009","$330,090","48,840,000",$0.0080,
"$33,049",High Volume,"4,070,001","4,075,000","$33,049","$330,490","48,900,000",$0.0080,
"$33,089",High Volume,"4,075,001","4,080,000","$33,089","$330,890","48,960,000",$0.0080,
"$33,129",High Volume,"4,080,001","4,085,000","$33,129","$331,290","49,020,000",$0.0080,
"$33,169",High Volume,"4,085,001","4,090,000","$33,169","$331,690","49,080,000",$0.0080,
"$33,209",High Volume,"4,090,001","4,095,000","$33,209","$332,090","49,140,000",$0.0080,
"$33,249",High Volume,"4,095,001","4,100,000","$33,249","$332,490","49,200,000",$0.0080,
"$33,289",High Volume,"4,100,001","4,105,000","$33,289","$332,890","49,260,000",$0.0080,
"$33,329",High Volume,"4,105,001","4,110,000","$33,329","$333,290","49,320,000",$0.0080,
"$33,369",High Volume,"4,110,001","4,115,000","$33,369","$333,690","49,380,000",$0.0080,
"$33,409",High Volume,"4,115,001","4,120,000","$33,409","$334,090","49,440,000",$0.0080,
"$33,449",High Volume,"4,120,001","4,125,000","$33,449","$334,490","49,500,000",$0.0080,
"$33,489",High Volume,"4,125,001","4,130,000","$33,489","$334,890","49,560,000",$0.0080,
"$33,529",High Volume,"4,130,001","4,135,000","$33,529","$335,290","49,620,000",$0.0080,
"$33,569",High Volume,"4,135,001","4,140,000","$33,569","$335,690","49,680,000",$0.0080,
"$33,609",High Volume,"4,140,001","4,145,000","$33,609","$336,090","49,740,000",$0.0080,
"$33,649",High Volume,"4,145,001","4,150,000","$33,649","$336,490","49,800,000",$0.0080,
"$33,689",High Volume,"4,150,001","4,155,000","$33,689","$336,890","49,860,000",$0.0080,
"$33,729",High Volume,"4,155,001","4,160,000","$33,729","$337,290","49,920,000",$0.0080,
"$33,769",High Volume,"4,160,001","4,165,000","$33,769","$337,690","49,980,000",$0.0080,
"$33,809",High Volume,"4,165,001","4,170,000","$33,809","$338,090","50,040,000",$0.0080,
"$33,849",High Volume,"4,170,001","4,175,000","$33,849","$338,490","50,100,000",$0.0080,
"$33,889",High Volume,"4,175,001","4,180,000","$33,889","$338,890","50,160,000",$0.0080,
"$33,929",High Volume,"4,180,001","4,185,000","$33,929","$339,290","50,220,000",$0.0080,
"$33,969",High Volume,"4,185,001","4,190,000","$33,969","$339,690","50,280,000",$0.0080,
"$34,009",High Volume,"4,190,001","4,195,000","$34,009","$340,090","50,340,000",$0.0080,
"$34,049",High Volume,"4,195,001","4,200,000","$34,049","$340,490","50,400,000",$0.0080,
"$34,089",High Volume,"4,200,001","4,205,000","$34,089","$340,890","50,460,000",$0.0080,
"$34,129",High Volume,"4,205,001","4,210,000","$34,129","$341,290","50,520,000",$0.0080,
"$34,169",High Volume,"4,210,001","4,215,000","$34,169","$341,690","50,580,000",$0.0080,
"$34,209",High Volume,"4,215,001","4,220,000","$34,209","$342,090","50,640,000",$0.0080,
"$34,249",High Volume,"4,220,001","4,225,000","$34,249","$342,490","50,700,000",$0.0080,
"$34,289",High Volume,"4,225,001","4,230,000","$34,289","$342,890","50,760,000",$0.0080,
"$34,329",High Volume,"4,230,001","4,235,000","$34,329","$343,290","50,820,000",$0.0080,
"$34,369",High Volume,"4,235,001","4,240,000","$34,369","$343,690","50,880,000",$0.0080,
"$34,409",High Volume,"4,240,001","4,245,000","$34,409","$344,090","50,940,000",$0.0080,
"$34,449",High Volume,"4,245,001","4,250,000","$34,449","$344,490","51,000,000",$0.0080,
"$34,489",High Volume,"4,250,001","4,255,000","$34,489","$344,890","51,060,000",$0.0080,
"$34,529",High Volume,"4,255,001","4,260,000","$34,529","$345,290","51,120,000",$0.0080,
"$34,569",High Volume,"4,260,001","4,265,000","$34,569","$345,690","51,180,000",$0.0080,
"$34,609",High Volume,"4,265,001","4,270,000","$34,609","$346,090","51,240,000",$0.0080,
"$34,649",High Volume,"4,270,001","4,275,000","$34,649","$346,490","51,300,000",$0.0080,
"$34,689",High Volume,"4,275,001","4,280,000","$34,689","$346,890","51,360,000",$0.0080,
"$34,729",High Volume,"4,280,001","4,285,000","$34,729","$347,290","51,420,000",$0.0080,
"$34,769",High Volume,"4,285,001","4,290,000","$34,769","$347,690","51,480,000",$0.0080,
"$34,809",High Volume,"4,290,001","4,295,000","$34,809","$348,090","51,540,000",$0.0080,
"$34,849",High Volume,"4,295,001","4,300,000","$34,849","$348,490","51,600,000",$0.0080,
"$34,889",High Volume,"4,300,001","4,305,000","$34,889","$348,890","51,660,000",$0.0080,
"$34,929",High Volume,"4,305,001","4,310,000","$34,929","$349,290","51,720,000",$0.0080,
"$34,969",High Volume,"4,310,001","4,315,000","$34,969","$349,690","51,780,000",$0.0080,
"$35,009",High Volume,"4,315,001","4,320,000","$35,009","$350,090","51,840,000",$0.0080,
"$35,049",High Volume,"4,320,001","4,325,000","$35,049","$350,490","51,900,000",$0.0080,
"$35,089",High Volume,"4,325,001","4,330,000","$35,089","$350,890","51,960,000",$0.0080,
"$35,129",High Volume,"4,330,001","4,335,000","$35,129","$351,290","52,020,000",$0.0080,
"$35,169",High Volume,"4,335,001","4,340,000","$35,169","$351,690","52,080,000",$0.0080,
"$35,209",High Volume,"4,340,001","4,345,000","$35,209","$352,090","52,140,000",$0.0080,
"$35,249",High Volume,"4,345,001","4,350,000","$35,249","$352,490","52,200,000",$0.0080,
"$35,289",High Volume,"4,350,001","4,355,000","$35,289","$352,890","52,260,000",$0.0080,
"$35,329",High Volume,"4,355,001","4,360,000","$35,329","$353,290","52,320,000",$0.0080,
"$35,369",High Volume,"4,360,001","4,365,000","$35,369","$353,690","52,380,000",$0.0080,
"$35,409",High Volume,"4,365,001","4,370,000","$35,409","$354,090","52,440,000",$0.0080,
"$35,449",High Volume,"4,370,001","4,375,000","$35,449","$354,490","52,500,000",$0.0080,
"$35,489",High Volume,"4,375,001","4,380,000","$35,489","$354,890","52,560,000",$0.0080,
"$35,529",High Volume,"4,380,001","4,385,000","$35,529","$355,290","52,620,000",$0.0080,
"$35,569",High Volume,"4,385,001","4,390,000","$35,569","$355,690","52,680,000",$0.0080,
"$35,609",High Volume,"4,390,001","4,395,000","$35,609","$356,090","52,740,000",$0.0080,
"$35,649",High Volume,"4,395,001","4,400,000","$35,649","$356,490","52,800,000",$0.0080,
"$35,689",High Volume,"4,400,001","4,405,000","$35,689","$356,890","52,860,000",$0.0080,
"$35,729",High Volume,"4,405,001","4,410,000","$35,729","$357,290","52,920,000",$0.0080,
"$35,769",High Volume,"4,410,001","4,415,000","$35,769","$357,690","52,980,000",$0.0080,
"$35,809",High Volume,"4,415,001","4,420,000","$35,809","$358,090","53,040,000",$0.0080,
"$35,849",High Volume,"4,420,001","4,425,000","$35,849","$358,490","53,100,000",$0.0080,
"$35,889",High Volume,"4,425,001","4,430,000","$35,889","$358,890","53,160,000",$0.0080,
"$35,929",High Volume,"4,430,001","4,435,000","$35,929","$359,290","53,220,000",$0.0080,
"$35,969",High Volume,"4,435,001","4,440,000","$35,969","$359,690","53,280,000",$0.0080,
"$36,009",High Volume,"4,440,001","4,445,000","$36,009","$360,090","53,340,000",$0.0080,
"$36,049",High Volume,"4,445,001","4,450,000","$36,049","$360,490","53,400,000",$0.0080,
"$36,089",High Volume,"4,450,001","4,455,000","$36,089","$360,890","53,460,000",$0.0080,
"$36,129",High Volume,"4,455,001","4,460,000","$36,129","$361,290","53,520,000",$0.0080,
"$36,169",High Volume,"4,460,001","4,465,000","$36,169","$361,690","53,580,000",$0.0080,
"$36,209",High Volume,"4,465,001","4,470,000","$36,209","$362,090","53,640,000",$0.0080,
"$36,249",High Volume,"4,470,001","4,475,000","$36,249","$362,490","53,700,000",$0.0080,
"$36,289",High Volume,"4,475,001","4,480,000","$36,289","$362,890","53,760,000",$0.0080,
"$36,329",High Volume,"4,480,001","4,485,000","$36,329","$363,290","53,820,000",$0.0080,
"$36,369",High Volume,"4,485,001","4,490,000","$36,369","$363,690","53,880,000",$0.0080,
"$36,409",High Volume,"4,490,001","4,495,000","$36,409","$364,090","53,940,000",$0.0080,
"$36,449",High Volume,"4,495,001","4,500,000","$36,449","$364,490","54,000,000",$0.0080,
"$36,489",High Volume,"4,500,001","4,505,000","$36,489","$364,890","54,060,000",$0.0080,
"$36,529",High Volume,"4,505,001","4,510,000","$36,529","$365,290","54,120,000",$0.0080,
"$36,569",High Volume,"4,510,001","4,515,000","$36,569","$365,690","54,180,000",$0.0080,
"$36,609",High Volume,"4,515,001","4,520,000","$36,609","$366,090","54,240,000",$0.0080,
"$36,649",High Volume,"4,520,001","4,525,000","$36,649","$366,490","54,300,000",$0.0080,
"$36,689",High Volume,"4,525,001","4,530,000","$36,689","$366,890","54,360,000",$0.0080,
"$36,729",High Volume,"4,530,001","4,535,000","$36,729","$367,290","54,420,000",$0.0080,
"$36,769",High Volume,"4,535,001","4,540,000","$36,769","$367,690","54,480,000",$0.0080,
"$36,809",High Volume,"4,540,001","4,545,000","$36,809","$368,090","54,540,000",$0.0080,
"$36,849",High Volume,"4,545,001","4,550,000","$36,849","$368,490","54,600,000",$0.0080,
"$36,889",High Volume,"4,550,001","4,555,000","$36,889","$368,890","54,660,000",$0.0080,
"$36,929",High Volume,"4,555,001","4,560,000","$36,929","$369,290","54,720,000",$0.0080,
"$36,969",High Volume,"4,560,001","4,565,000","$36,969","$369,690","54,780,000",$0.0080,
"$37,009",High Volume,"4,565,001","4,570,000","$37,009","$370,090","54,840,000",$0.0080,
"$37,049",High Volume,"4,570,001","4,575,000","$37,049","$370,490","54,900,000",$0.0080,
"$37,089",High Volume,"4,575,001","4,580,000","$37,089","$370,890","54,960,000",$0.0080,
"$37,129",High Volume,"4,580,001","4,585,000","$37,129","$371,290","55,020,000",$0.0080,
"$37,169",High Volume,"4,585,001","4,590,000","$37,169","$371,690","55,080,000",$0.0080,
"$37,209",High Volume,"4,590,001","4,595,000","$37,209","$372,090","55,140,000",$0.0080,
"$37,249",High Volume,"4,595,001","4,600,000","$37,249","$372,490","55,200,000",$0.0080,
"$37,289",High Volume,"4,600,001","4,605,000","$37,289","$372,890","55,260,000",$0.0080,
"$37,329",High Volume,"4,605,001","4,610,000","$37,329","$373,290","55,320,000",$0.0080,
"$37,369",High Volume,"4,610,001","4,615,000","$37,369","$373,690","55,380,000",$0.0080,
"$37,409",High Volume,"4,615,001","4,620,000","$37,409","$374,090","55,440,000",$0.0080,
"$37,449",High Volume,"4,620,001","4,625,000","$37,449","$374,490","55,500,000",$0.0080,
"$37,489",High Volume,"4,625,001","4,630,000","$37,489","$374,890","55,560,000",$0.0080,
"$37,529",High Volume,"4,630,001","4,635,000","$37,529","$375,290","55,620,000",$0.0080,
"$37,569",High Volume,"4,635,001","4,640,000","$37,569","$375,690","55,680,000",$0.0080,
"$37,609",High Volume,"4,640,001","4,645,000","$37,609","$376,090","55,740,000",$0.0080,
"$37,649",High Volume,"4,645,001","4,650,000","$37,649","$376,490","55,800,000",$0.0080,
"$37,689",High Volume,"4,650,001","4,655,000","$37,689","$376,890","55,860,000",$0.0080,
"$37,729",High Volume,"4,655,001","4,660,000","$37,729","$377,290","55,920,000",$0.0080,
"$37,769",High Volume,"4,660,001","4,665,000","$37,769","$377,690","55,980,000",$0.0080,
"$37,809",High Volume,"4,665,001","4,670,000","$37,809","$378,090","56,040,000",$0.0080,
"$37,849",High Volume,"4,670,001","4,675,000","$37,849","$378,490","56,100,000",$0.0080,
"$37,889",High Volume,"4,675,001","4,680,000","$37,889","$378,890","56,160,000",$0.0080,
"$37,929",High Volume,"4,680,001","4,685,000","$37,929","$379,290","56,220,000",$0.0080,
"$37,969",High Volume,"4,685,001","4,690,000","$37,969","$379,690","56,280,000",$0.0080,
"$38,009",High Volume,"4,690,001","4,695,000","$38,009","$380,090","56,340,000",$0.0080,
"$38,049",High Volume,"4,695,001","4,700,000","$38,049","$380,490","56,400,000",$0.0080,
"$38,089",High Volume,"4,700,001","4,705,000","$38,089","$380,890","56,460,000",$0.0080,
"$38,129",High Volume,"4,705,001","4,710,000","$38,129","$381,290","56,520,000",$0.0080,
"$38,169",High Volume,"4,710,001","4,715,000","$38,169","$381,690","56,580,000",$0.0080,
"$38,209",High Volume,"4,715,001","4,720,000","$38,209","$382,090","56,640,000",$0.0080,
"$38,249",High Volume,"4,720,001","4,725,000","$38,249","$382,490","56,700,000",$0.0080,
"$38,289",High Volume,"4,725,001","4,730,000","$38,289","$382,890","56,760,000",$0.0080,
"$38,329",High Volume,"4,730,001","4,735,000","$38,329","$383,290","56,820,000",$0.0080,
"$38,369",High Volume,"4,735,001","4,740,000","$38,369","$383,690","56,880,000",$0.0080,
"$38,409",High Volume,"4,740,001","4,745,000","$38,409","$384,090","56,940,000",$0.0080,
"$38,449",High Volume,"4,745,001","4,750,000","$38,449","$384,490","57,000,000",$0.0080,
"$38,489",High Volume,"4,750,001","4,755,000","$38,489","$384,890","57,060,000",$0.0080,
"$38,529",High Volume,"4,755,001","4,760,000","$38,529","$385,290","57,120,000",$0.0080,
"$38,569",High Volume,"4,760,001","4,765,000","$38,569","$385,690","57,180,000",$0.0080,
"$38,609",High Volume,"4,765,001","4,770,000","$38,609","$386,090","57,240,000",$0.0080,
"$38,649",High Volume,"4,770,001","4,775,000","$38,649","$386,490","57,300,000",$0.0080,
"$38,689",High Volume,"4,775,001","4,780,000","$38,689","$386,890","57,360,000",$0.0080,
"$38,729",High Volume,"4,780,001","4,785,000","$38,729","$387,290","57,420,000",$0.0080,
"$38,769",High Volume,"4,785,001","4,790,000","$38,769","$387,690","57,480,000",$0.0080,
"$38,809",High Volume,"4,790,001","4,795,000","$38,809","$388,090","57,540,000",$0.0080,
"$38,849",High Volume,"4,795,001","4,800,000","$38,849","$388,490","57,600,000",$0.0080,
"$38,889",High Volume,"4,800,001","4,805,000","$38,889","$388,890","57,660,000",$0.0080,
"$38,929",High Volume,"4,805,001","4,810,000","$38,929","$389,290","57,720,000",$0.0080,
"$38,969",High Volume,"4,810,001","4,815,000","$38,969","$389,690","57,780,000",$0.0080,
"$39,009",High Volume,"4,815,001","4,820,000","$39,009","$390,090","57,840,000",$0.0080,
"$39,049",High Volume,"4,820,001","4,825,000","$39,049","$390,490","57,900,000",$0.0080,
"$39,089",High Volume,"4,825,001","4,830,000","$39,089","$390,890","57,960,000",$0.0080,
"$39,129",High Volume,"4,830,001","4,835,000","$39,129","$391,290","58,020,000",$0.0080,
"$39,169",High Volume,"4,835,001","4,840,000","$39,169","$391,690","58,080,000",$0.0080,
"$39,209",High Volume,"4,840,001","4,845,000","$39,209","$392,090","58,140,000",$0.0080,
"$39,249",High Volume,"4,845,001","4,850,000","$39,249","$392,490","58,200,000",$0.0080,
"$39,289",High Volume,"4,850,001","4,855,000","$39,289","$392,890","58,260,000",$0.0080,
"$39,329",High Volume,"4,855,001","4,860,000","$39,329","$393,290","58,320,000",$0.0080,
"$39,369",High Volume,"4,860,001","4,865,000","$39,369","$393,690","58,380,000",$0.0080,
"$39,409",High Volume,"4,865,001","4,870,000","$39,409","$394,090","58,440,000",$0.0080,
"$39,449",High Volume,"4,870,001","4,875,000","$39,449","$394,490","58,500,000",$0.0080,
"$39,489",High Volume,"4,875,001","4,880,000","$39,489","$394,890","58,560,000",$0.0080,
"$39,529",High Volume,"4,880,001","4,885,000","$39,529","$395,290","58,620,000",$0.0080,
"$39,569",High Volume,"4,885,001","4,890,000","$39,569","$395,690","58,680,000",$0.0080,
"$39,609",High Volume,"4,890,001","4,895,000","$39,609","$396,090","58,740,000",$0.0080,
"$39,649",High Volume,"4,895,001","4,900,000","$39,649","$396,490","58,800,000",$0.0080,
"$39,689",High Volume,"4,900,001","4,905,000","$39,689","$396,890","58,860,000",$0.0080,
"$39,729",High Volume,"4,905,001","4,910,000","$39,729","$397,290","58,920,000",$0.0080,
"$39,769",High Volume,"4,910,001","4,915,000","$39,769","$397,690","58,980,000",$0.0080,
"$39,809",High Volume,"4,915,001","4,920,000","$39,809","$398,090","59,040,000",$0.0080,
"$39,849",High Volume,"4,920,001","4,925,000","$39,849","$398,490","59,100,000",$0.0080,
"$39,889",High Volume,"4,925,001","4,930,000","$39,889","$398,890","59,160,000",$0.0080,
"$39,929",High Volume,"4,930,001","4,935,000","$39,929","$399,290","59,220,000",$0.0080,
"$39,969",High Volume,"4,935,001","4,940,000","$39,969","$399,690","59,280,000",$0.0080,
"$40,009",High Volume,"4,940,001","4,945,000","$40,009","$400,090","59,340,000",$0.0080,
"$40,049",High Volume,"4,945,001","4,950,000","$40,049","$400,490","59,400,000",$0.0080,
"$40,089",High Volume,"4,950,001","4,955,000","$40,089","$400,890","59,460,000",$0.0080,
"$40,129",High Volume,"4,955,001","4,960,000","$40,129","$401,290","59,520,000",$0.0080,
"$40,169",High Volume,"4,960,001","4,965,000","$40,169","$401,690","59,580,000",$0.0080,
"$40,209",High Volume,"4,965,001","4,970,000","$40,209","$402,090","59,640,000",$0.0080,
"$40,249",High Volume,"4,970,001","4,975,000","$40,249","$402,490","59,700,000",$0.0080,
"$40,289",High Volume,"4,975,001","4,980,000","$40,289","$402,890","59,760,000",$0.0080,